FullGeoName,Year,Travel status,County,Count,Legend,Notes
"AL, Autauga",2010 - 2024,All,01001,1 to 4,1 to 4,"AL, NA"
"AL, Baldwin",2010 - 2024,All,01003,1 to 4,1 to 4,"AL, NA"
"AL, Chilton",2010 - 2024,All,01021,1 to 4,1 to 4,"AL, NA"
"AL, Elmore",2010 - 2024,All,01051,1 to 4,1 to 4,"AL, NA"
"AL, Franklin",2010 - 2024,All,01059,1 to 4,1 to 4,"AL, NA"
"AL, Houston",2010 - 2024,All,01069,1 to 4,1 to 4,"AL, NA"
"AL, Lauderdale",2010 - 2024,All,01077,1 to 4,1 to 4,"AL, NA"
"AL, Lawrence",2010 - 2024,All,01079,1 to 4,1 to 4,"AL, NA"
"AL, Marshall",2010 - 2024,All,01095,1 to 4,1 to 4,"AL, NA"
"AL, Mobile",2010 - 2024,All,01097,1 to 4,1 to 4,"AL, NA"
"AL, Morgan",2010 - 2024,All,01103,1 to 4,1 to 4,"AL, NA"
"AL, Pike",2010 - 2024,All,01109,1 to 4,1 to 4,"AL, NA"
"AL, Shelby",2010 - 2024,All,01117,1 to 4,1 to 4,"AL, NA"
"AL, Tuscaloosa",2010 - 2024,All,01125,1 to 4,1 to 4,"AL, NA"
"AK, Fairbanks North Star Borough",2010 - 2024,All,02090,1 to 4,1 to 4,"AK, NA"
"AK, Matanuska-Susitna Borough",2010 - 2024,All,02170,1 to 4,1 to 4,"AK, NA"
"AZ, Cochise",2010 - 2024,All,04003,1 to 4,1 to 4,"AZ, NA"
"AZ, Gila",2010 - 2024,All,04007,1 to 4,1 to 4,"AZ, NA"
"AZ, La Paz",2010 - 2024,All,04012,1 to 4,1 to 4,"AZ, NA"
"AZ, Mohave",2010 - 2024,All,04015,1 to 4,1 to 4,"AZ, NA"
"AZ, Santa Cruz",2010 - 2024,All,04023,1 to 4,1 to 4,"AZ, NA"
"AZ, Yavapai",2010 - 2024,All,04025,1 to 4,1 to 4,"AZ, NA"
"AR, Chicot",2010 - 2024,All,05017,1 to 4,1 to 4,"AR, NA"
"AR, Clark",2010 - 2024,All,05019,1 to 4,1 to 4,"AR, NA"
"AR, Crawford",2010 - 2024,All,05033,1 to 4,1 to 4,"AR, NA"
"AR, Greene",2010 - 2024,All,05055,1 to 4,1 to 4,"AR, NA"
"AR, Madison",2010 - 2024,All,05087,1 to 4,1 to 4,"AR, NA"
"AR, Mississippi",2010 - 2024,All,05093,1 to 4,1 to 4,"AR, NA"
"AR, Pope",2010 - 2024,All,05115,1 to 4,1 to 4,"AR, NA"
"AR, Saline",2010 - 2024,All,05125,1 to 4,1 to 4,"AR, NA"
"AR, Sebastian",2010 - 2024,All,05131,1 to 4,1 to 4,"AR, NA"
"AR, Sevier",2010 - 2024,All,05133,1 to 4,1 to 4,"AR, NA"
"AR, Union",2010 - 2024,All,05139,1 to 4,1 to 4,"AR, NA"
"CA, Amador",2010 - 2024,All,06005,1 to 4,1 to 4,"CA, NA"
"CA, Colusa",2010 - 2024,All,06011,1 to 4,1 to 4,"CA, NA"
"CA, Humboldt",2010 - 2024,All,06023,1 to 4,1 to 4,"CA, NA"
"CA, Lake",2010 - 2024,All,06033,1 to 4,1 to 4,"CA, NA"
"CA, Madera",2010 - 2024,All,06039,1 to 4,1 to 4,"CA, NA"
"CA, Mendocino",2010 - 2024,All,06045,1 to 4,1 to 4,"CA, NA"
"CA, Merced",2010 - 2024,All,06047,1 to 4,1 to 4,"CA, NA"
"CA, Mono",2010 - 2024,All,06051,1 to 4,1 to 4,"CA, NA"
"CA, Nevada",2010 - 2024,All,06057,1 to 4,1 to 4,"CA, NA"
"CA, Shasta",2010 - 2024,All,06089,1 to 4,1 to 4,"CA, NA"
"CA, Sutter",2010 - 2024,All,06101,1 to 4,1 to 4,"CA, NA"
"CA, Tehama",2010 - 2024,All,06103,1 to 4,1 to 4,"CA, NA"
"CA, Tuolumne",2010 - 2024,All,06109,1 to 4,1 to 4,"CA, NA"
"CA, Yuba",2010 - 2024,All,06115,1 to 4,1 to 4,"CA, NA"
"CO, Archuleta",2010 - 2024,All,08007,1 to 4,1 to 4,"CO, NA"
"CO, Broomfield",2010 - 2024,All,08014,1 to 4,1 to 4,"CO, NA"
"CO, Gunnison",2010 - 2024,All,08051,1 to 4,1 to 4,"CO, NA"
"CO, La Plata",2010 - 2024,All,08067,1 to 4,1 to 4,"CO, NA"
"CO, Mesa",2010 - 2024,All,08077,1 to 4,1 to 4,"CO, NA"
"CO, Morgan",2010 - 2024,All,08087,1 to 4,1 to 4,"CO, NA"
"CO, Pitkin",2010 - 2024,All,08097,1 to 4,1 to 4,"CO, NA"
"CO, Routt",2010 - 2024,All,08107,1 to 4,1 to 4,"CO, NA"
"CO, San Miguel",2010 - 2024,All,08113,1 to 4,1 to 4,"CO, NA"
"CO, Summit",2010 - 2024,All,08117,1 to 4,1 to 4,"CO, NA"
"CT, Litchfield",2010 - 2024,All,09005,1 to 4,1 to 4,"CT, NA"
"CT, Middlesex",2010 - 2024,All,09007,1 to 4,1 to 4,"CT, NA"
"CT, Tolland",2010 - 2024,All,09013,1 to 4,1 to 4,"CT, NA"
"CT, Windham",2010 - 2024,All,09015,1 to 4,1 to 4,"CT, NA"
"CT, Lower Connecticut River Valley",2010 - 2024,All,09130,1 to 4,1 to 4,"CT, NA"
"CT, Naugatuck Valley",2010 - 2024,All,09140,1 to 4,1 to 4,"CT, NA"
"CT, Northwest Hills",2010 - 2024,All,09160,1 to 4,1 to 4,"CT, NA"
"CT, Southeastern Connecticut",2010 - 2024,All,09180,1 to 4,1 to 4,"CT, NA"
"DE, Kent",2010 - 2024,All,10001,1 to 4,1 to 4,"DE, Kent County"
"DE, Sussex",2010 - 2024,All,10005,1 to 4,1 to 4,"DE, Sussex County"
"FL, Bay",2010 - 2024,All,12005,1 to 4,1 to 4,"FL, Bay County"
"FL, Citrus",2010 - 2024,All,12017,1 to 4,1 to 4,"FL, Citrus County"
"FL, Columbia",2010 - 2024,All,12023,1 to 4,1 to 4,"FL, Columbia County"
"FL, De Soto",2010 - 2024,All,12027,1 to 4,1 to 4,"FL, DeSoto County"
"FL, Gulf",2010 - 2024,All,12045,1 to 4,1 to 4,"FL, Gulf County"
"FL, Highlands",2010 - 2024,All,12055,1 to 4,1 to 4,"FL, Highlands County"
"FL, Lafayette",2010 - 2024,All,12067,1 to 4,1 to 4,"FL, Lafayette County"
"FL, Leon",2010 - 2024,All,12073,1 to 4,1 to 4,"FL, Leon County"
"FL, Levy",2010 - 2024,All,12075,1 to 4,1 to 4,"FL, Levy County"
"FL, Nassau",2010 - 2024,All,12089,1 to 4,1 to 4,"FL, Nassau County"
"FL, Okaloosa",2010 - 2024,All,12091,1 to 4,1 to 4,"FL, Okaloosa County"
"FL, Okeechobee",2010 - 2024,All,12093,1 to 4,1 to 4,"FL, Okeechobee County"
"FL, Putnam",2010 - 2024,All,12107,1 to 4,1 to 4,"FL, Putnam County"
"FL, Suwannee",2010 - 2024,All,12121,1 to 4,1 to 4,"FL, Suwannee County"
"FL, Washington",2010 - 2024,All,12133,1 to 4,1 to 4,"FL, Washington County"
"GA, Baldwin",2010 - 2024,All,13009,1 to 4,1 to 4,"GA, Baldwin County"
"GA, Barrow",2010 - 2024,All,13013,1 to 4,1 to 4,"GA, Barrow County"
"GA, Bryan",2010 - 2024,All,13029,1 to 4,1 to 4,"GA, Bryan County"
"GA, Bulloch",2010 - 2024,All,13031,1 to 4,1 to 4,"GA, Bulloch County"
"GA, Carroll",2010 - 2024,All,13045,1 to 4,1 to 4,"GA, Carroll County"
"GA, Chatham",2010 - 2024,All,13051,1 to 4,1 to 4,"GA, Chatham County"
"GA, Cherokee",2010 - 2024,All,13057,1 to 4,1 to 4,"GA, Cherokee County"
"GA, Clarke",2010 - 2024,All,13059,1 to 4,1 to 4,"GA, Clarke County"
"GA, Clayton",2010 - 2024,All,13063,1 to 4,1 to 4,"GA, Clayton County"
"GA, Columbia",2010 - 2024,All,13073,1 to 4,1 to 4,"GA, Columbia County"
"GA, Coweta",2010 - 2024,All,13077,1 to 4,1 to 4,"GA, Coweta County"
"GA, Douglas",2010 - 2024,All,13097,1 to 4,1 to 4,"GA, Douglas County"
"GA, Effingham",2010 - 2024,All,13103,1 to 4,1 to 4,"GA, Effingham County"
"GA, Fannin",2010 - 2024,All,13111,1 to 4,1 to 4,"GA, Fannin County"
"GA, Fayette",2010 - 2024,All,13113,1 to 4,1 to 4,"GA, Fayette County"
"GA, Glynn",2010 - 2024,All,13127,1 to 4,1 to 4,"GA, Glynn County"
"GA, Gordon",2010 - 2024,All,13129,1 to 4,1 to 4,"GA, Gordon County"
"GA, Hall",2010 - 2024,All,13139,1 to 4,1 to 4,"GA, Hall County"
"GA, Henry",2010 - 2024,All,13151,1 to 4,1 to 4,"GA, Henry County"
"GA, Houston",2010 - 2024,All,13153,1 to 4,1 to 4,"GA, Houston County"
"GA, Lowndes",2010 - 2024,All,13185,1 to 4,1 to 4,"GA, Lowndes County"
"GA, Lumpkin",2010 - 2024,All,13187,1 to 4,1 to 4,"GA, Lumpkin County"
"GA, Morgan",2010 - 2024,All,13211,1 to 4,1 to 4,"GA, Morgan County"
"GA, Muscogee",2010 - 2024,All,13215,1 to 4,1 to 4,"GA, Muscogee County"
"GA, Newton",2010 - 2024,All,13217,1 to 4,1 to 4,"GA, Newton County"
"GA, Oconee",2010 - 2024,All,13219,1 to 4,1 to 4,"GA, Oconee County"
"GA, Paulding",2010 - 2024,All,13223,1 to 4,1 to 4,"GA, Paulding County"
"GA, Richmond",2010 - 2024,All,13245,1 to 4,1 to 4,"GA, Richmond County"
"GA, Rockdale",2010 - 2024,All,13247,1 to 4,1 to 4,"GA, Rockdale County"
"GA, Schley",2010 - 2024,All,13249,1 to 4,1 to 4,"GA, Schley County"
"GA, Walton",2010 - 2024,All,13297,1 to 4,1 to 4,"GA, Walton County"
"GA, Whitfield",2010 - 2024,All,13313,1 to 4,1 to 4,"GA, Whitfield County"
"ID, Blaine",2010 - 2024,All,16013,1 to 4,1 to 4,"ID, Blaine County"
"ID, Bonner",2010 - 2024,All,16017,1 to 4,1 to 4,"ID, Bonner County"
"ID, Bonneville",2010 - 2024,All,16019,1 to 4,1 to 4,"ID, Bonneville County"
"ID, Boundary",2010 - 2024,All,16021,1 to 4,1 to 4,"ID, Boundary County"
"ID, Jefferson",2010 - 2024,All,16051,1 to 4,1 to 4,"ID, Jefferson County"
"ID, Minidoka",2010 - 2024,All,16067,1 to 4,1 to 4,"ID, Minidoka County"
"ID, Owyhee",2010 - 2024,All,16073,1 to 4,1 to 4,"ID, Owyhee County"
"ID, Shoshone",2010 - 2024,All,16079,1 to 4,1 to 4,"ID, Shoshone County"
"ID, Teton",2010 - 2024,All,16081,1 to 4,1 to 4,"ID, Teton County"
"IL, Bureau",2010 - 2024,All,17011,1 to 4,1 to 4,"IL, Bureau County"
"IL, Carroll",2010 - 2024,All,17015,1 to 4,1 to 4,"IL, Carroll County"
"IL, Fayette",2010 - 2024,All,17051,1 to 4,1 to 4,"IL, Fayette County"
"IL, Grundy",2010 - 2024,All,17063,1 to 4,1 to 4,"IL, Grundy County"
"IL, Jackson",2010 - 2024,All,17077,1 to 4,1 to 4,"IL, Jackson County"
"IL, Johnson",2010 - 2024,All,17087,1 to 4,1 to 4,"IL, Johnson County"
"IL, Knox",2010 - 2024,All,17095,1 to 4,1 to 4,"IL, Knox County"
"IL, La Salle",2010 - 2024,All,17099,1 to 4,1 to 4,"IL, LaSalle County"
"IL, Mclean",2010 - 2024,All,17113,1 to 4,1 to 4,"IL, McLean County"
"IL, Macon",2010 - 2024,All,17115,1 to 4,1 to 4,"IL, Macon County"
"IL, Madison",2010 - 2024,All,17119,1 to 4,1 to 4,"IL, Madison County"
"IL, Moultrie",2010 - 2024,All,17139,1 to 4,1 to 4,"IL, Moultrie County"
"IL, Ogle",2010 - 2024,All,17141,1 to 4,1 to 4,"IL, Ogle County"
"IL, Peoria",2010 - 2024,All,17143,1 to 4,1 to 4,"IL, Peoria County"
"IL, Randolph",2010 - 2024,All,17157,1 to 4,1 to 4,"IL, Randolph County"
"IL, St Clair",2010 - 2024,All,17163,1 to 4,1 to 4,"IL, St. Clair County"
"IL, Sangamon",2010 - 2024,All,17167,1 to 4,1 to 4,"IL, Sangamon County"
"IL, Shelby",2010 - 2024,All,17173,1 to 4,1 to 4,"IL, Shelby County"
"IL, Wabash",2010 - 2024,All,17185,1 to 4,1 to 4,"IL, Wabash County"
"IL, Winnebago",2010 - 2024,All,17201,1 to 4,1 to 4,"IL, Winnebago County"
"IN, Allen",2010 - 2024,All,18003,1 to 4,1 to 4,"IN, Allen County"
"IN, Bartholomew",2010 - 2024,All,18005,1 to 4,1 to 4,"IN, Bartholomew County"
"IN, Boone",2010 - 2024,All,18011,1 to 4,1 to 4,"IN, Boone County"
"IN, Brown",2010 - 2024,All,18013,1 to 4,1 to 4,"IN, Brown County"
"IN, Clark",2010 - 2024,All,18019,1 to 4,1 to 4,"IN, Clark County"
"IN, Dearborn",2010 - 2024,All,18029,1 to 4,1 to 4,"IN, Dearborn County"
"IN, Delaware",2010 - 2024,All,18035,1 to 4,1 to 4,"IN, Delaware County"
"IN, Elkhart",2010 - 2024,All,18039,1 to 4,1 to 4,"IN, Elkhart County"
"IN, Fulton",2010 - 2024,All,18049,1 to 4,1 to 4,"IN, Fulton County"
"IN, Greene",2010 - 2024,All,18055,1 to 4,1 to 4,"IN, Greene County"
"IN, Hancock",2010 - 2024,All,18059,1 to 4,1 to 4,"IN, Hancock County"
"IN, Hendricks",2010 - 2024,All,18063,1 to 4,1 to 4,"IN, Hendricks County"
"IN, Howard",2010 - 2024,All,18067,1 to 4,1 to 4,"IN, Howard County"
"IN, Huntington",2010 - 2024,All,18069,1 to 4,1 to 4,"IN, Huntington County"
"IN, Knox",2010 - 2024,All,18083,1 to 4,1 to 4,"IN, Knox County"
"IN, Kosciusko",2010 - 2024,All,18085,1 to 4,1 to 4,"IN, Kosciusko County"
"IN, La Grange",2010 - 2024,All,18087,1 to 4,1 to 4,"IN, LaGrange County"
"IN, Lake",2010 - 2024,All,18089,1 to 4,1 to 4,"IN, Lake County"
"IN, La Porte",2010 - 2024,All,18091,1 to 4,1 to 4,"IN, LaPorte County"
"IN, Lawrence",2010 - 2024,All,18093,1 to 4,1 to 4,"IN, Lawrence County"
"IN, Madison",2010 - 2024,All,18095,1 to 4,1 to 4,"IN, Madison County"
"IN, Monroe",2010 - 2024,All,18105,1 to 4,1 to 4,"IN, Monroe County"
"IN, Morgan",2010 - 2024,All,18109,1 to 4,1 to 4,"IN, Morgan County"
"IN, Porter",2010 - 2024,All,18127,1 to 4,1 to 4,"IN, Porter County"
"IN, Pulaski",2010 - 2024,All,18131,1 to 4,1 to 4,"IN, Pulaski County"
"IN, Vanderburgh",2010 - 2024,All,18163,1 to 4,1 to 4,"IN, Vanderburgh County"
"IN, Vigo",2010 - 2024,All,18167,1 to 4,1 to 4,"IN, Vigo County"
"IN, Wells",2010 - 2024,All,18179,1 to 4,1 to 4,"IN, Wells County"
"IN, White",2010 - 2024,All,18181,1 to 4,1 to 4,"IN, White County"
"IA, Black Hawk",2010 - 2024,All,19013,1 to 4,1 to 4,"IA, Black Hawk County"
"IA, Buchanan",2010 - 2024,All,19019,1 to 4,1 to 4,"IA, Buchanan County"
"IA, Buena Vista",2010 - 2024,All,19021,1 to 4,1 to 4,"IA, Buena Vista County"
"IA, Carroll",2010 - 2024,All,19027,1 to 4,1 to 4,"IA, Carroll County"
"IA, Cerro Gordo",2010 - 2024,All,19033,1 to 4,1 to 4,"IA, Cerro Gordo County"
"IA, Clayton",2010 - 2024,All,19043,1 to 4,1 to 4,"IA, Clayton County"
"IA, Clinton",2010 - 2024,All,19045,1 to 4,1 to 4,"IA, Clinton County"
"IA, Crawford",2010 - 2024,All,19047,1 to 4,1 to 4,"IA, Crawford County"
"IA, Des Moines",2010 - 2024,All,19057,1 to 4,1 to 4,"IA, Des Moines County"
"IA, Fayette",2010 - 2024,All,19065,1 to 4,1 to 4,"IA, Fayette County"
"IA, Grundy",2010 - 2024,All,19075,1 to 4,1 to 4,"IA, Grundy County"
"IA, Hamilton",2010 - 2024,All,19079,1 to 4,1 to 4,"IA, Hamilton County"
"IA, Hardin",2010 - 2024,All,19083,1 to 4,1 to 4,"IA, Hardin County"
"IA, Harrison",2010 - 2024,All,19085,1 to 4,1 to 4,"IA, Harrison County"
"IA, Jefferson",2010 - 2024,All,19101,1 to 4,1 to 4,"IA, Jefferson County"
"IA, Marshall",2010 - 2024,All,19127,1 to 4,1 to 4,"IA, Marshall County"
"IA, Muscatine",2010 - 2024,All,19139,1 to 4,1 to 4,"IA, Muscatine County"
"IA, Pottawattamie",2010 - 2024,All,19155,1 to 4,1 to 4,"IA, Pottawattamie County"
"IA, Poweshiek",2010 - 2024,All,19157,1 to 4,1 to 4,"IA, Poweshiek County"
"IA, Scott",2010 - 2024,All,19163,1 to 4,1 to 4,"IA, Scott County"
"IA, Webster",2010 - 2024,All,19187,1 to 4,1 to 4,"IA, Webster County"
"IA, Winneshiek",2010 - 2024,All,19191,1 to 4,1 to 4,"IA, Winneshiek County"
"IA, Woodbury",2010 - 2024,All,19193,1 to 4,1 to 4,"IA, Woodbury County"
"IA, Wright",2010 - 2024,All,19197,1 to 4,1 to 4,"IA, Wright County"
"KS, Barton",2010 - 2024,All,20009,1 to 4,1 to 4,"KS, Barton County"
"KS, Cowley",2010 - 2024,All,20035,1 to 4,1 to 4,"KS, Cowley County"
"KS, Ford",2010 - 2024,All,20057,1 to 4,1 to 4,"KS, Ford County"
"KS, Geary",2010 - 2024,All,20061,1 to 4,1 to 4,"KS, Geary County"
"KS, Greenwood",2010 - 2024,All,20073,1 to 4,1 to 4,"KS, Greenwood County"
"KS, Harvey",2010 - 2024,All,20079,1 to 4,1 to 4,"KS, Harvey County"
"KS, Leavenworth",2010 - 2024,All,20103,1 to 4,1 to 4,"KS, Leavenworth County"
"KS, Lyon",2010 - 2024,All,20111,1 to 4,1 to 4,"KS, Lyon County"
"KS, Mcpherson",2010 - 2024,All,20113,1 to 4,1 to 4,"KS, McPherson County"
"KS, Marion",2010 - 2024,All,20115,1 to 4,1 to 4,"KS, Marion County"
"KS, Reno",2010 - 2024,All,20155,1 to 4,1 to 4,"KS, Reno County"
"KS, Riley",2010 - 2024,All,20161,1 to 4,1 to 4,"KS, Riley County"
"KS, Shawnee",2010 - 2024,All,20177,1 to 4,1 to 4,"KS, Shawnee County"
"KY, Boone",2010 - 2024,All,21015,1 to 4,1 to 4,"KY, Boone County"
"KY, Bullitt",2010 - 2024,All,21029,1 to 4,1 to 4,"KY, Bullitt County"
"KY, Campbell",2010 - 2024,All,21037,1 to 4,1 to 4,"KY, Campbell County"
"KY, Fayette",2010 - 2024,All,21067,1 to 4,1 to 4,"KY, Fayette County"
"KY, Hardin",2010 - 2024,All,21093,1 to 4,1 to 4,"KY, Hardin County"
"KY, Henry",2010 - 2024,All,21103,1 to 4,1 to 4,"KY, Henry County"
"KY, Hopkins",2010 - 2024,All,21107,1 to 4,1 to 4,"KY, Hopkins County"
"KY, Jessamine",2010 - 2024,All,21113,1 to 4,1 to 4,"KY, Jessamine County"
"KY, Kenton",2010 - 2024,All,21117,1 to 4,1 to 4,"KY, Kenton County"
"KY, Livingston",2010 - 2024,All,21139,1 to 4,1 to 4,"KY, Livingston County"
"KY, Mccracken",2010 - 2024,All,21145,1 to 4,1 to 4,"KY, McCracken County"
"KY, Pike",2010 - 2024,All,21195,1 to 4,1 to 4,"KY, Pike County"
"KY, Powell",2010 - 2024,All,21197,1 to 4,1 to 4,"KY, Powell County"
"KY, Shelby",2010 - 2024,All,21211,1 to 4,1 to 4,"KY, Shelby County"
"KY, Spencer",2010 - 2024,All,21215,1 to 4,1 to 4,"KY, Spencer County"
"KY, Warren",2010 - 2024,All,21227,1 to 4,1 to 4,"KY, Warren County"
"LA, Ascension Parish",2010 - 2024,All,22005,1 to 4,1 to 4,"LA, Ascension Parish"
"LA, Beauregard Parish",2010 - 2024,All,22011,1 to 4,1 to 4,"LA, Beauregard Parish"
"LA, Bossier Parish",2010 - 2024,All,22015,1 to 4,1 to 4,"LA, Bossier Parish"
"LA, Caddo Parish",2010 - 2024,All,22017,1 to 4,1 to 4,"LA, Caddo Parish"
"LA, Evangeline Parish",2010 - 2024,All,22039,1 to 4,1 to 4,"LA, Evangeline Parish"
"LA, Iberville Parish",2010 - 2024,All,22047,1 to 4,1 to 4,"LA, Iberville Parish"
"LA, Jefferson Davis Parish",2010 - 2024,All,22053,1 to 4,1 to 4,"LA, Jefferson Davis Parish"
"LA, Lincoln Parish",2010 - 2024,All,22061,1 to 4,1 to 4,"LA, Lincoln Parish"
"LA, Livingston Parish",2010 - 2024,All,22063,1 to 4,1 to 4,"LA, Livingston Parish"
"LA, Rapides Parish",2010 - 2024,All,22079,1 to 4,1 to 4,"LA, Rapides Parish"
"LA, St John The Baptist Parish",2010 - 2024,All,22095,1 to 4,1 to 4,"LA, St. John the Baptist Parish"
"LA, St Landry Parish",2010 - 2024,All,22097,1 to 4,1 to 4,"LA, St. Landry Parish"
"LA, St Martin Parish",2010 - 2024,All,22099,1 to 4,1 to 4,"LA, St. Martin Parish"
"LA, St Mary Parish",2010 - 2024,All,22101,1 to 4,1 to 4,"LA, St. Mary Parish"
"LA, Tangipahoa Parish",2010 - 2024,All,22105,1 to 4,1 to 4,"LA, Tangipahoa Parish"
"LA, Vermilion Parish",2010 - 2024,All,22113,1 to 4,1 to 4,"LA, Vermilion Parish"
"ME, Androscoggin",2010 - 2024,All,23001,1 to 4,1 to 4,"ME, Androscoggin County"
"ME, Franklin",2010 - 2024,All,23007,1 to 4,1 to 4,"ME, Franklin County"
"ME, Hancock",2010 - 2024,All,23009,1 to 4,1 to 4,"ME, Hancock County"
"ME, Kennebec",2010 - 2024,All,23011,1 to 4,1 to 4,"ME, Kennebec County"
"ME, Lincoln",2010 - 2024,All,23015,1 to 4,1 to 4,"ME, Lincoln County"
"ME, Waldo",2010 - 2024,All,23027,1 to 4,1 to 4,"ME, Waldo County"
"ME, York",2010 - 2024,All,23031,1 to 4,1 to 4,"ME, York County"
"MD, Calvert",2010 - 2024,All,24009,1 to 4,1 to 4,"MD, Calvert County"
"MD, Caroline",2010 - 2024,All,24011,1 to 4,1 to 4,"MD, Caroline County"
"MD, Carroll",2010 - 2024,All,24013,1 to 4,1 to 4,"MD, Carroll County"
"MD, Charles",2010 - 2024,All,24017,1 to 4,1 to 4,"MD, Charles County"
"MD, Harford",2010 - 2024,All,24025,1 to 4,1 to 4,"MD, Harford County"
"MD, Queen Annes",2010 - 2024,All,24035,1 to 4,1 to 4,"MD, Queen Anne's County"
"MD, St Marys",2010 - 2024,All,24037,1 to 4,1 to 4,"MD, St. Mary's County"
"MD, Somerset",2010 - 2024,All,24039,1 to 4,1 to 4,"MD, Somerset County"
"MD, Talbot",2010 - 2024,All,24041,1 to 4,1 to 4,"MD, Talbot County"
"MD, Wicomico",2010 - 2024,All,24045,1 to 4,1 to 4,"MD, Wicomico County"
"MD, Worcester",2010 - 2024,All,24047,1 to 4,1 to 4,"MD, Worcester County"
"MA, Barnstable",2010 - 2024,All,25001,1 to 4,1 to 4,"MA, Barnstable County"
"MA, Berkshire",2010 - 2024,All,25003,1 to 4,1 to 4,"MA, Berkshire County"
"MA, Dukes",2010 - 2024,All,25007,1 to 4,1 to 4,"MA, Dukes County"
"MA, Franklin",2010 - 2024,All,25011,1 to 4,1 to 4,"MA, Franklin County"
"MA, Hampden",2010 - 2024,All,25013,1 to 4,1 to 4,"MA, Hampden County"
"MA, Hampshire",2010 - 2024,All,25015,1 to 4,1 to 4,"MA, Hampshire County"
"MI, Allegan",2010 - 2024,All,26005,1 to 4,1 to 4,"MI, Allegan County"
"MI, Alpena",2010 - 2024,All,26007,1 to 4,1 to 4,"MI, Alpena County"
"MI, Benzie",2010 - 2024,All,26019,1 to 4,1 to 4,"MI, Benzie County"
"MI, Berrien",2010 - 2024,All,26021,1 to 4,1 to 4,"MI, Berrien County"
"MI, Branch",2010 - 2024,All,26023,1 to 4,1 to 4,"MI, Branch County"
"MI, Calhoun",2010 - 2024,All,26025,1 to 4,1 to 4,"MI, Calhoun County"
"MI, Clinton",2010 - 2024,All,26037,1 to 4,1 to 4,"MI, Clinton County"
"MI, Eaton",2010 - 2024,All,26045,1 to 4,1 to 4,"MI, Eaton County"
"MI, Genesee",2010 - 2024,All,26049,1 to 4,1 to 4,"MI, Genesee County"
"MI, Gladwin",2010 - 2024,All,26051,1 to 4,1 to 4,"MI, Gladwin County"
"MI, Gratiot",2010 - 2024,All,26057,1 to 4,1 to 4,"MI, Gratiot County"
"MI, Houghton",2010 - 2024,All,26061,1 to 4,1 to 4,"MI, Houghton County"
"MI, Ionia",2010 - 2024,All,26067,1 to 4,1 to 4,"MI, Ionia County"
"MI, Jackson",2010 - 2024,All,26075,1 to 4,1 to 4,"MI, Jackson County"
"MI, Kalamazoo",2010 - 2024,All,26077,1 to 4,1 to 4,"MI, Kalamazoo County"
"MI, Leelanau",2010 - 2024,All,26089,1 to 4,1 to 4,"MI, Leelanau County"
"MI, Midland",2010 - 2024,All,26111,1 to 4,1 to 4,"MI, Midland County"
"MI, Muskegon",2010 - 2024,All,26121,1 to 4,1 to 4,"MI, Muskegon County"
"MI, Saginaw",2010 - 2024,All,26145,1 to 4,1 to 4,"MI, Saginaw County"
"MI, St Clair",2010 - 2024,All,26147,1 to 4,1 to 4,"MI, St. Clair County"
"MI, Van Buren",2010 - 2024,All,26159,1 to 4,1 to 4,"MI, Van Buren County"
"MI, Wexford",2010 - 2024,All,26165,1 to 4,1 to 4,"MI, Wexford County"
"MN, Carver",2010 - 2024,All,27019,1 to 4,1 to 4,"MN, Carver County"
"MN, Cass",2010 - 2024,All,27021,1 to 4,1 to 4,"MN, Cass County"
"MN, Crow Wing",2010 - 2024,All,27035,1 to 4,1 to 4,"MN, Crow Wing County"
"MN, Dodge",2010 - 2024,All,27039,1 to 4,1 to 4,"MN, Dodge County"
"MN, Freeborn",2010 - 2024,All,27047,1 to 4,1 to 4,"MN, Freeborn County"
"MN, Goodhue",2010 - 2024,All,27049,1 to 4,1 to 4,"MN, Goodhue County"
"MN, Hubbard",2010 - 2024,All,27057,1 to 4,1 to 4,"MN, Hubbard County"
"MN, Itasca",2010 - 2024,All,27061,1 to 4,1 to 4,"MN, Itasca County"
"MN, Kandiyohi",2010 - 2024,All,27067,1 to 4,1 to 4,"MN, Kandiyohi County"
"MN, Lyon",2010 - 2024,All,27083,1 to 4,1 to 4,"MN, Lyon County"
"MN, Morrison",2010 - 2024,All,27097,1 to 4,1 to 4,"MN, Morrison County"
"MN, Pope",2010 - 2024,All,27121,1 to 4,1 to 4,"MN, Pope County"
"MN, Rice",2010 - 2024,All,27131,1 to 4,1 to 4,"MN, Rice County"
"MN, St Louis",2010 - 2024,All,27137,1 to 4,1 to 4,"MN, St. Louis County"
"MN, Sherburne",2010 - 2024,All,27141,1 to 4,1 to 4,"MN, Sherburne County"
"MN, Sibley",2010 - 2024,All,27143,1 to 4,1 to 4,"MN, Sibley County"
"MN, Stearns",2010 - 2024,All,27145,1 to 4,1 to 4,"MN, Stearns County"
"MN, Swift",2010 - 2024,All,27151,1 to 4,1 to 4,"MN, Swift County"
"MN, Wright",2010 - 2024,All,27171,1 to 4,1 to 4,"MN, Wright County"
"MS, Forrest",2010 - 2024,All,28035,1 to 4,1 to 4,"MS, Forrest County"
"MS, Hancock",2010 - 2024,All,28045,1 to 4,1 to 4,"MS, Hancock County"
"MS, Harrison",2010 - 2024,All,28047,1 to 4,1 to 4,"MS, Harrison County"
"MS, Jackson",2010 - 2024,All,28059,1 to 4,1 to 4,"MS, Jackson County"
"MS, Lamar",2010 - 2024,All,28073,1 to 4,1 to 4,"MS, Lamar County"
"MS, Lee",2010 - 2024,All,28081,1 to 4,1 to 4,"MS, Lee County"
"MS, Oktibbeha",2010 - 2024,All,28105,1 to 4,1 to 4,"MS, Oktibbeha County"
"MS, Tallahatchie",2010 - 2024,All,28135,1 to 4,1 to 4,"MS, Tallahatchie County"
"MS, Warren",2010 - 2024,All,28149,1 to 4,1 to 4,"MS, Warren County"
"MO, Adair",2010 - 2024,All,29001,1 to 4,1 to 4,"MO, Adair County"
"MO, Barry",2010 - 2024,All,29009,1 to 4,1 to 4,"MO, Barry County"
"MO, Boone",2010 - 2024,All,29019,1 to 4,1 to 4,"MO, Boone County"
"MO, Buchanan",2010 - 2024,All,29021,1 to 4,1 to 4,"MO, Buchanan County"
"MO, Callaway",2010 - 2024,All,29027,1 to 4,1 to 4,"MO, Callaway County"
"MO, Cape Girardeau",2010 - 2024,All,29031,1 to 4,1 to 4,"MO, Cape Girardeau County"
"MO, Christian",2010 - 2024,All,29043,1 to 4,1 to 4,"MO, Christian County"
"MO, Clay",2010 - 2024,All,29047,1 to 4,1 to 4,"MO, Clay County"
"MO, Cole",2010 - 2024,All,29051,1 to 4,1 to 4,"MO, Cole County"
"MO, Dallas",2010 - 2024,All,29059,1 to 4,1 to 4,"MO, Dallas County"
"MO, Greene",2010 - 2024,All,29077,1 to 4,1 to 4,"MO, Greene County"
"MO, Jasper",2010 - 2024,All,29097,1 to 4,1 to 4,"MO, Jasper County"
"MO, Jefferson",2010 - 2024,All,29099,1 to 4,1 to 4,"MO, Jefferson County"
"MO, Johnson",2010 - 2024,All,29101,1 to 4,1 to 4,"MO, Johnson County"
"MO, Newton",2010 - 2024,All,29145,1 to 4,1 to 4,"MO, Newton County"
"MO, Platte",2010 - 2024,All,29165,1 to 4,1 to 4,"MO, Platte County"
"MO, Polk",2010 - 2024,All,29167,1 to 4,1 to 4,"MO, Polk County"
"MO, Saline",2010 - 2024,All,29195,1 to 4,1 to 4,"MO, Saline County"
"MT, Cascade",2010 - 2024,All,30013,1 to 4,1 to 4,"MT, Cascade County"
"MT, Deer Lodge",2010 - 2024,All,30023,1 to 4,1 to 4,"MT, Deer Lodge County"
"MT, Flathead",2010 - 2024,All,30029,1 to 4,1 to 4,"MT, Flathead County"
"MT, Lake",2010 - 2024,All,30047,1 to 4,1 to 4,"MT, Lake County"
"MT, Lewis And Clark",2010 - 2024,All,30049,1 to 4,1 to 4,"MT, Lewis and Clark County"
"MT, Ravalli",2010 - 2024,All,30081,1 to 4,1 to 4,"MT, Ravalli County"
"MT, Teton",2010 - 2024,All,30099,1 to 4,1 to 4,"MT, Teton County"
"NE, Adams",2010 - 2024,All,31001,1 to 4,1 to 4,"NE, Adams County"
"NE, Colfax",2010 - 2024,All,31037,1 to 4,1 to 4,"NE, Colfax County"
"NE, Dawson",2010 - 2024,All,31047,1 to 4,1 to 4,"NE, Dawson County"
"NE, Hall",2010 - 2024,All,31079,1 to 4,1 to 4,"NE, Hall County"
"NE, Lincoln",2010 - 2024,All,31111,1 to 4,1 to 4,"NE, Lincoln County"
"NE, Madison",2010 - 2024,All,31119,1 to 4,1 to 4,"NE, Madison County"
"NE, Platte",2010 - 2024,All,31141,1 to 4,1 to 4,"NE, Platte County"
"NE, Saline",2010 - 2024,All,31151,1 to 4,1 to 4,"NE, Saline County"
"NE, Sarpy",2010 - 2024,All,31153,1 to 4,1 to 4,"NE, Sarpy County"
"NV, Douglas",2010 - 2024,All,32005,1 to 4,1 to 4,"NV, Douglas County"
"NV, Lander",2010 - 2024,All,32015,1 to 4,1 to 4,"NV, Lander County"
"NH, Carroll",2010 - 2024,All,33003,1 to 4,1 to 4,"NH, Carroll County"
"NH, Grafton",2010 - 2024,All,33009,1 to 4,1 to 4,"NH, Grafton County"
"NH, Merrimack",2010 - 2024,All,33013,1 to 4,1 to 4,"NH, Merrimack County"
"NH, Strafford",2010 - 2024,All,33017,1 to 4,1 to 4,"NH, Strafford County"
"NH, Sullivan",2010 - 2024,All,33019,1 to 4,1 to 4,"NH, Sullivan County"
"NJ, Cape May",2010 - 2024,All,34009,1 to 4,1 to 4,"NJ, Cape May County"
"NM, Chaves",2010 - 2024,All,35005,1 to 4,1 to 4,"NM, Chaves County"
"NM, Dona Ana",2010 - 2024,All,35013,1 to 4,1 to 4,"NM, Dona Ana County"
"NM, Grant",2010 - 2024,All,35017,1 to 4,1 to 4,"NM, Grant County"
"NM, Lea",2010 - 2024,All,35025,1 to 4,1 to 4,"NM, Lea County"
"NM, Los Alamos",2010 - 2024,All,35028,1 to 4,1 to 4,"NM, Los Alamos County"
"NM, Sandoval",2010 - 2024,All,35043,1 to 4,1 to 4,"NM, Sandoval County"
"NY, Allegany",2010 - 2024,All,36003,1 to 4,1 to 4,"NY, Allegany County"
"NY, Broome",2010 - 2024,All,36007,1 to 4,1 to 4,"NY, Broome County"
"NY, Cayuga",2010 - 2024,All,36011,1 to 4,1 to 4,"NY, Cayuga County"
"NY, Chenango",2010 - 2024,All,36017,1 to 4,1 to 4,"NY, Chenango County"
"NY, Clinton",2010 - 2024,All,36019,1 to 4,1 to 4,"NY, Clinton County"
"NY, Columbia",2010 - 2024,All,36021,1 to 4,1 to 4,"NY, Columbia County"
"NY, Fulton",2010 - 2024,All,36035,1 to 4,1 to 4,"NY, Fulton County"
"NY, Herkimer",2010 - 2024,All,36043,1 to 4,1 to 4,"NY, Herkimer County"
"NY, Lewis",2010 - 2024,All,36049,1 to 4,1 to 4,"NY, Lewis County"
"NY, Livingston",2010 - 2024,All,36051,1 to 4,1 to 4,"NY, Livingston County"
"NY, Madison",2010 - 2024,All,36053,1 to 4,1 to 4,"NY, Madison County"
"NY, Niagara",2010 - 2024,All,36063,1 to 4,1 to 4,"NY, Niagara County"
"NY, Oneida",2010 - 2024,All,36065,1 to 4,1 to 4,"NY, Oneida County"
"NY, Ontario",2010 - 2024,All,36069,1 to 4,1 to 4,"NY, Ontario County"
"NY, Oswego",2010 - 2024,All,36075,1 to 4,1 to 4,"NY, Oswego County"
"NY, Otsego",2010 - 2024,All,36077,1 to 4,1 to 4,"NY, Otsego County"
"NY, Rensselaer",2010 - 2024,All,36083,1 to 4,1 to 4,"NY, Rensselaer County"
"NY, St Lawrence",2010 - 2024,All,36089,1 to 4,1 to 4,"NY, St. Lawrence County"
"NY, Saratoga",2010 - 2024,All,36091,1 to 4,1 to 4,"NY, Saratoga County"
"NY, Schenectady",2010 - 2024,All,36093,1 to 4,1 to 4,"NY, Schenectady County"
"NY, Schuyler",2010 - 2024,All,36097,1 to 4,1 to 4,"NY, Schuyler County"
"NY, Steuben",2010 - 2024,All,36101,1 to 4,1 to 4,"NY, Steuben County"
"NY, Sullivan",2010 - 2024,All,36105,1 to 4,1 to 4,"NY, Sullivan County"
"NY, Wayne",2010 - 2024,All,36117,1 to 4,1 to 4,"NY, Wayne County"
"NY, Yates",2010 - 2024,All,36123,1 to 4,1 to 4,"NY, Yates County"
"NC, Beaufort",2010 - 2024,All,37013,1 to 4,1 to 4,"NC, Beaufort County"
"NC, Bladen",2010 - 2024,All,37017,1 to 4,1 to 4,"NC, Bladen County"
"NC, Brunswick",2010 - 2024,All,37019,1 to 4,1 to 4,"NC, Brunswick County"
"NC, Cabarrus",2010 - 2024,All,37025,1 to 4,1 to 4,"NC, Cabarrus County"
"NC, Caldwell",2010 - 2024,All,37027,1 to 4,1 to 4,"NC, Caldwell County"
"NC, Carteret",2010 - 2024,All,37031,1 to 4,1 to 4,"NC, Carteret County"
"NC, Catawba",2010 - 2024,All,37035,1 to 4,1 to 4,"NC, Catawba County"
"NC, Chatham",2010 - 2024,All,37037,1 to 4,1 to 4,"NC, Chatham County"
"NC, Cleveland",2010 - 2024,All,37045,1 to 4,1 to 4,"NC, Cleveland County"
"NC, Columbus",2010 - 2024,All,37047,1 to 4,1 to 4,"NC, Columbus County"
"NC, Craven",2010 - 2024,All,37049,1 to 4,1 to 4,"NC, Craven County"
"NC, Dare",2010 - 2024,All,37055,1 to 4,1 to 4,"NC, Dare County"
"NC, Davie",2010 - 2024,All,37059,1 to 4,1 to 4,"NC, Davie County"
"NC, Gaston",2010 - 2024,All,37071,1 to 4,1 to 4,"NC, Gaston County"
"NC, Greene",2010 - 2024,All,37079,1 to 4,1 to 4,"NC, Greene County"
"NC, Harnett",2010 - 2024,All,37085,1 to 4,1 to 4,"NC, Harnett County"
"NC, Henderson",2010 - 2024,All,37089,1 to 4,1 to 4,"NC, Henderson County"
"NC, Iredell",2010 - 2024,All,37097,1 to 4,1 to 4,"NC, Iredell County"
"NC, Jackson",2010 - 2024,All,37099,1 to 4,1 to 4,"NC, Jackson County"
"NC, Lee",2010 - 2024,All,37105,1 to 4,1 to 4,"NC, Lee County"
"NC, Lincoln",2010 - 2024,All,37109,1 to 4,1 to 4,"NC, Lincoln County"
"NC, Nash",2010 - 2024,All,37127,1 to 4,1 to 4,"NC, Nash County"
"NC, Onslow",2010 - 2024,All,37133,1 to 4,1 to 4,"NC, Onslow County"
"NC, Person",2010 - 2024,All,37145,1 to 4,1 to 4,"NC, Person County"
"NC, Pitt",2010 - 2024,All,37147,1 to 4,1 to 4,"NC, Pitt County"
"NC, Randolph",2010 - 2024,All,37151,1 to 4,1 to 4,"NC, Randolph County"
"NC, Richmond",2010 - 2024,All,37153,1 to 4,1 to 4,"NC, Richmond County"
"NC, Robeson",2010 - 2024,All,37155,1 to 4,1 to 4,"NC, Robeson County"
"NC, Stanly",2010 - 2024,All,37167,1 to 4,1 to 4,"NC, Stanly County"
"NC, Stokes",2010 - 2024,All,37169,1 to 4,1 to 4,"NC, Stokes County"
"NC, Transylvania",2010 - 2024,All,37175,1 to 4,1 to 4,"NC, Transylvania County"
"NC, Tyrrell",2010 - 2024,All,37177,1 to 4,1 to 4,"NC, Tyrrell County"
"NC, Wayne",2010 - 2024,All,37191,1 to 4,1 to 4,"NC, Wayne County"
"NC, Wilkes",2010 - 2024,All,37193,1 to 4,1 to 4,"NC, Wilkes County"
"NC, Wilson",2010 - 2024,All,37195,1 to 4,1 to 4,"NC, Wilson County"
"ND, Cass",2010 - 2024,All,38017,1 to 4,1 to 4,"ND, Cass County"
"ND, Grand Forks",2010 - 2024,All,38035,1 to 4,1 to 4,"ND, Grand Forks County"
"ND, Logan",2010 - 2024,All,38047,1 to 4,1 to 4,"ND, Logan County"
"ND, Morton",2010 - 2024,All,38059,1 to 4,1 to 4,"ND, Morton County"
"ND, Stark",2010 - 2024,All,38089,1 to 4,1 to 4,"ND, Stark County"
"OH, Belmont",2010 - 2024,All,39013,1 to 4,1 to 4,"OH, Belmont County"
"OH, Clark",2010 - 2024,All,39023,1 to 4,1 to 4,"OH, Clark County"
"OH, Clermont",2010 - 2024,All,39025,1 to 4,1 to 4,"OH, Clermont County"
"OH, Defiance",2010 - 2024,All,39039,1 to 4,1 to 4,"OH, Defiance County"
"OH, Delaware",2010 - 2024,All,39041,1 to 4,1 to 4,"OH, Delaware County"
"OH, Fairfield",2010 - 2024,All,39045,1 to 4,1 to 4,"OH, Fairfield County"
"OH, Fayette",2010 - 2024,All,39047,1 to 4,1 to 4,"OH, Fayette County"
"OH, Fulton",2010 - 2024,All,39051,1 to 4,1 to 4,"OH, Fulton County"
"OH, Geauga",2010 - 2024,All,39055,1 to 4,1 to 4,"OH, Geauga County"
"OH, Greene",2010 - 2024,All,39057,1 to 4,1 to 4,"OH, Greene County"
"OH, Hancock",2010 - 2024,All,39063,1 to 4,1 to 4,"OH, Hancock County"
"OH, Knox",2010 - 2024,All,39083,1 to 4,1 to 4,"OH, Knox County"
"OH, Licking",2010 - 2024,All,39089,1 to 4,1 to 4,"OH, Licking County"
"OH, Logan",2010 - 2024,All,39091,1 to 4,1 to 4,"OH, Logan County"
"OH, Lucas",2010 - 2024,All,39095,1 to 4,1 to 4,"OH, Lucas County"
"OH, Madison",2010 - 2024,All,39097,1 to 4,1 to 4,"OH, Madison County"
"OH, Medina",2010 - 2024,All,39103,1 to 4,1 to 4,"OH, Medina County"
"OH, Portage",2010 - 2024,All,39133,1 to 4,1 to 4,"OH, Portage County"
"OH, Richland",2010 - 2024,All,39139,1 to 4,1 to 4,"OH, Richland County"
"OH, Ross",2010 - 2024,All,39141,1 to 4,1 to 4,"OH, Ross County"
"OH, Scioto",2010 - 2024,All,39145,1 to 4,1 to 4,"OH, Scioto County"
"OH, Seneca",2010 - 2024,All,39147,1 to 4,1 to 4,"OH, Seneca County"
"OH, Stark",2010 - 2024,All,39151,1 to 4,1 to 4,"OH, Stark County"
"OH, Trumbull",2010 - 2024,All,39155,1 to 4,1 to 4,"OH, Trumbull County"
"OH, Tuscarawas",2010 - 2024,All,39157,1 to 4,1 to 4,"OH, Tuscarawas County"
"OH, Union",2010 - 2024,All,39159,1 to 4,1 to 4,"OH, Union County"
"OH, Warren",2010 - 2024,All,39165,1 to 4,1 to 4,"OH, Warren County"
"OH, Williams",2010 - 2024,All,39171,1 to 4,1 to 4,"OH, Williams County"
"OH, Wyandot",2010 - 2024,All,39175,1 to 4,1 to 4,"OH, Wyandot County"
"OK, Canadian",2010 - 2024,All,40017,1 to 4,1 to 4,"OK, Canadian County"
"OK, Carter",2010 - 2024,All,40019,1 to 4,1 to 4,"OK, Carter County"
"OK, Cherokee",2010 - 2024,All,40021,1 to 4,1 to 4,"OK, Cherokee County"
"OK, Cleveland",2010 - 2024,All,40027,1 to 4,1 to 4,"OK, Cleveland County"
"OK, Comanche",2010 - 2024,All,40031,1 to 4,1 to 4,"OK, Comanche County"
"OK, Garfield",2010 - 2024,All,40047,1 to 4,1 to 4,"OK, Garfield County"
"OK, Lincoln",2010 - 2024,All,40081,1 to 4,1 to 4,"OK, Lincoln County"
"OK, Mcclain",2010 - 2024,All,40087,1 to 4,1 to 4,"OK, McClain County"
"OK, Pontotoc",2010 - 2024,All,40123,1 to 4,1 to 4,"OK, Pontotoc County"
"OK, Rogers",2010 - 2024,All,40131,1 to 4,1 to 4,"OK, Rogers County"
"OK, Stephens",2010 - 2024,All,40137,1 to 4,1 to 4,"OK, Stephens County"
"OK, Washington",2010 - 2024,All,40147,1 to 4,1 to 4,"OK, Washington County"
"OR, Benton",2010 - 2024,All,41003,1 to 4,1 to 4,"OR, Benton County"
"OR, Clatsop",2010 - 2024,All,41007,1 to 4,1 to 4,"OR, Clatsop County"
"OR, Coos",2010 - 2024,All,41011,1 to 4,1 to 4,"OR, Coos County"
"OR, Douglas",2010 - 2024,All,41019,1 to 4,1 to 4,"OR, Douglas County"
"OR, Hood River",2010 - 2024,All,41027,1 to 4,1 to 4,"OR, Hood River County"
"OR, Klamath",2010 - 2024,All,41035,1 to 4,1 to 4,"OR, Klamath County"
"OR, Lake",2010 - 2024,All,41037,1 to 4,1 to 4,"OR, Lake County"
"OR, Lane",2010 - 2024,All,41039,1 to 4,1 to 4,"OR, Lane County"
"OR, Linn",2010 - 2024,All,41043,1 to 4,1 to 4,"OR, Linn County"
"OR, Malheur",2010 - 2024,All,41045,1 to 4,1 to 4,"OR, Malheur County"
"OR, Polk",2010 - 2024,All,41053,1 to 4,1 to 4,"OR, Polk County"
"OR, Tillamook",2010 - 2024,All,41057,1 to 4,1 to 4,"OR, Tillamook County"
"OR, Union",2010 - 2024,All,41061,1 to 4,1 to 4,"OR, Union County"
"OR, Wasco",2010 - 2024,All,41065,1 to 4,1 to 4,"OR, Wasco County"
"PA, Armstrong",2010 - 2024,All,42005,1 to 4,1 to 4,"PA, Armstrong County"
"PA, Beaver",2010 - 2024,All,42007,1 to 4,1 to 4,"PA, Beaver County"
"PA, Blair",2010 - 2024,All,42013,1 to 4,1 to 4,"PA, Blair County"
"PA, Butler",2010 - 2024,All,42019,1 to 4,1 to 4,"PA, Butler County"
"PA, Clearfield",2010 - 2024,All,42033,1 to 4,1 to 4,"PA, Clearfield County"
"PA, Columbia",2010 - 2024,All,42037,1 to 4,1 to 4,"PA, Columbia County"
"PA, Crawford",2010 - 2024,All,42039,1 to 4,1 to 4,"PA, Crawford County"
"PA, Dauphin",2010 - 2024,All,42043,1 to 4,1 to 4,"PA, Dauphin County"
"PA, Erie",2010 - 2024,All,42049,1 to 4,1 to 4,"PA, Erie County"
"PA, Franklin",2010 - 2024,All,42055,1 to 4,1 to 4,"PA, Franklin County"
"PA, Indiana",2010 - 2024,All,42063,1 to 4,1 to 4,"PA, Indiana County"
"PA, Lackawanna",2010 - 2024,All,42069,1 to 4,1 to 4,"PA, Lackawanna County"
"PA, Lawrence",2010 - 2024,All,42073,1 to 4,1 to 4,"PA, Lawrence County"
"PA, Lebanon",2010 - 2024,All,42075,1 to 4,1 to 4,"PA, Lebanon County"
"PA, Montour",2010 - 2024,All,42093,1 to 4,1 to 4,"PA, Montour County"
"PA, Northumberland",2010 - 2024,All,42097,1 to 4,1 to 4,"PA, Northumberland County"
"PA, Pike",2010 - 2024,All,42103,1 to 4,1 to 4,"PA, Pike County"
"PA, Potter",2010 - 2024,All,42105,1 to 4,1 to 4,"PA, Potter County"
"PA, Tioga",2010 - 2024,All,42117,1 to 4,1 to 4,"PA, Tioga County"
"PA, Wayne",2010 - 2024,All,42127,1 to 4,1 to 4,"PA, Wayne County"
"PA, Westmoreland",2010 - 2024,All,42129,1 to 4,1 to 4,"PA, Westmoreland County"
"RI, Bristol",2010 - 2024,All,44001,1 to 4,1 to 4,"RI, Bristol County"
"RI, Washington",2010 - 2024,All,44009,1 to 4,1 to 4,"RI, Washington County"
"SC, Aiken",2010 - 2024,All,45003,1 to 4,1 to 4,"SC, Aiken County"
"SC, Anderson",2010 - 2024,All,45007,1 to 4,1 to 4,"SC, Anderson County"
"SC, Berkeley",2010 - 2024,All,45015,1 to 4,1 to 4,"SC, Berkeley County"
"SC, Cherokee",2010 - 2024,All,45021,1 to 4,1 to 4,"SC, Cherokee County"
"SC, Dorchester",2010 - 2024,All,45035,1 to 4,1 to 4,"SC, Dorchester County"
"SC, Georgetown",2010 - 2024,All,45043,1 to 4,1 to 4,"SC, Georgetown County"
"SC, Greenwood",2010 - 2024,All,45047,1 to 4,1 to 4,"SC, Greenwood County"
"SC, Horry",2010 - 2024,All,45051,1 to 4,1 to 4,"SC, Horry County"
"SC, Kershaw",2010 - 2024,All,45055,1 to 4,1 to 4,"SC, Kershaw County"
"SC, Marlboro",2010 - 2024,All,45069,1 to 4,1 to 4,"SC, Marlboro County"
"SC, Oconee",2010 - 2024,All,45073,1 to 4,1 to 4,"SC, Oconee County"
"SC, Orangeburg",2010 - 2024,All,45075,1 to 4,1 to 4,"SC, Orangeburg County"
"SC, Pickens",2010 - 2024,All,45077,1 to 4,1 to 4,"SC, Pickens County"
"SC, Sumter",2010 - 2024,All,45085,1 to 4,1 to 4,"SC, Sumter County"
"SC, York",2010 - 2024,All,45091,1 to 4,1 to 4,"SC, York County"
"SD, Brookings",2010 - 2024,All,46011,1 to 4,1 to 4,"SD, Brookings County"
"SD, Edmunds",2010 - 2024,All,46045,1 to 4,1 to 4,"SD, Edmunds County"
"SD, Haakon",2010 - 2024,All,46055,1 to 4,1 to 4,"SD, Haakon County"
"SD, Jackson",2010 - 2024,All,46071,1 to 4,1 to 4,"SD, Jackson County"
"SD, Jerauld",2010 - 2024,All,46073,1 to 4,1 to 4,"SD, Jerauld County"
"SD, Lincoln",2010 - 2024,All,46083,1 to 4,1 to 4,"SD, Lincoln County"
"SD, Meade",2010 - 2024,All,46093,1 to 4,1 to 4,"SD, Meade County"
"SD, Pennington",2010 - 2024,All,46103,1 to 4,1 to 4,"SD, Pennington County"
"SD, Sully",2010 - 2024,All,46119,1 to 4,1 to 4,"SD, Sully County"
"SD, Union",2010 - 2024,All,46127,1 to 4,1 to 4,"SD, Union County"
"SD, Yankton",2010 - 2024,All,46135,1 to 4,1 to 4,"SD, Yankton County"
"TN, Anderson",2010 - 2024,All,47001,1 to 4,1 to 4,"TN, Anderson County"
"TN, Bradley",2010 - 2024,All,47011,1 to 4,1 to 4,"TN, Bradley County"
"TN, Cannon",2010 - 2024,All,47015,1 to 4,1 to 4,"TN, Cannon County"
"TN, Carroll",2010 - 2024,All,47017,1 to 4,1 to 4,"TN, Carroll County"
"TN, Fayette",2010 - 2024,All,47047,1 to 4,1 to 4,"TN, Fayette County"
"TN, Franklin",2010 - 2024,All,47051,1 to 4,1 to 4,"TN, Franklin County"
"TN, Hardin",2010 - 2024,All,47071,1 to 4,1 to 4,"TN, Hardin County"
"TN, Henderson",2010 - 2024,All,47077,1 to 4,1 to 4,"TN, Henderson County"
"TN, Henry",2010 - 2024,All,47079,1 to 4,1 to 4,"TN, Henry County"
"TN, Montgomery",2010 - 2024,All,47125,1 to 4,1 to 4,"TN, Montgomery County"
"TN, Putnam",2010 - 2024,All,47141,1 to 4,1 to 4,"TN, Putnam County"
"TN, Robertson",2010 - 2024,All,47147,1 to 4,1 to 4,"TN, Robertson County"
"TN, Scott",2010 - 2024,All,47151,1 to 4,1 to 4,"TN, Scott County"
"TN, Sullivan",2010 - 2024,All,47163,1 to 4,1 to 4,"TN, Sullivan County"
"TN, Sumner",2010 - 2024,All,47165,1 to 4,1 to 4,"TN, Sumner County"
"TN, Tipton",2010 - 2024,All,47167,1 to 4,1 to 4,"TN, Tipton County"
"TN, Washington",2010 - 2024,All,47179,1 to 4,1 to 4,"TN, Washington County"
"TN, Wilson",2010 - 2024,All,47189,1 to 4,1 to 4,"TN, Wilson County"
"TX, Angelina",2010 - 2024,All,48005,1 to 4,1 to 4,"TX, Angelina County"
"TX, Atascosa",2010 - 2024,All,48013,1 to 4,1 to 4,"TX, Atascosa County"
"TX, Bastrop",2010 - 2024,All,48021,1 to 4,1 to 4,"TX, Bastrop County"
"TX, Bee",2010 - 2024,All,48025,1 to 4,1 to 4,"TX, Bee County"
"TX, Bowie",2010 - 2024,All,48037,1 to 4,1 to 4,"TX, Bowie County"
"TX, Brazos",2010 - 2024,All,48041,1 to 4,1 to 4,"TX, Brazos County"
"TX, Brown",2010 - 2024,All,48049,1 to 4,1 to 4,"TX, Brown County"
"TX, Burnet",2010 - 2024,All,48053,1 to 4,1 to 4,"TX, Burnet County"
"TX, Caldwell",2010 - 2024,All,48055,1 to 4,1 to 4,"TX, Caldwell County"
"TX, Cass",2010 - 2024,All,48067,1 to 4,1 to 4,"TX, Cass County"
"TX, Comal",2010 - 2024,All,48091,1 to 4,1 to 4,"TX, Comal County"
"TX, Cooke",2010 - 2024,All,48097,1 to 4,1 to 4,"TX, Cooke County"
"TX, Ellis",2010 - 2024,All,48139,1 to 4,1 to 4,"TX, Ellis County"
"TX, Freestone",2010 - 2024,All,48161,1 to 4,1 to 4,"TX, Freestone County"
"TX, Frio",2010 - 2024,All,48163,1 to 4,1 to 4,"TX, Frio County"
"TX, Gillespie",2010 - 2024,All,48171,1 to 4,1 to 4,"TX, Gillespie County"
"TX, Grayson",2010 - 2024,All,48181,1 to 4,1 to 4,"TX, Grayson County"
"TX, Gregg",2010 - 2024,All,48183,1 to 4,1 to 4,"TX, Gregg County"
"TX, Grimes",2010 - 2024,All,48185,1 to 4,1 to 4,"TX, Grimes County"
"TX, Guadalupe",2010 - 2024,All,48187,1 to 4,1 to 4,"TX, Guadalupe County"
"TX, Hamilton",2010 - 2024,All,48193,1 to 4,1 to 4,"TX, Hamilton County"
"TX, Harrison",2010 - 2024,All,48203,1 to 4,1 to 4,"TX, Harrison County"
"TX, Henderson",2010 - 2024,All,48213,1 to 4,1 to 4,"TX, Henderson County"
"TX, Hood",2010 - 2024,All,48221,1 to 4,1 to 4,"TX, Hood County"
"TX, Hunt",2010 - 2024,All,48231,1 to 4,1 to 4,"TX, Hunt County"
"TX, Jackson",2010 - 2024,All,48239,1 to 4,1 to 4,"TX, Jackson County"
"TX, Jefferson",2010 - 2024,All,48245,1 to 4,1 to 4,"TX, Jefferson County"
"TX, Johnson",2010 - 2024,All,48251,1 to 4,1 to 4,"TX, Johnson County"
"TX, Karnes",2010 - 2024,All,48255,1 to 4,1 to 4,"TX, Karnes County"
"TX, Kaufman",2010 - 2024,All,48257,1 to 4,1 to 4,"TX, Kaufman County"
"TX, Kendall",2010 - 2024,All,48259,1 to 4,1 to 4,"TX, Kendall County"
"TX, Liberty",2010 - 2024,All,48291,1 to 4,1 to 4,"TX, Liberty County"
"TX, Lubbock",2010 - 2024,All,48303,1 to 4,1 to 4,"TX, Lubbock County"
"TX, Mcculloch",2010 - 2024,All,48307,1 to 4,1 to 4,"TX, McCulloch County"
"TX, Mclennan",2010 - 2024,All,48309,1 to 4,1 to 4,"TX, McLennan County"
"TX, Mcmullen",2010 - 2024,All,48311,1 to 4,1 to 4,"TX, McMullen County"
"TX, Mills",2010 - 2024,All,48333,1 to 4,1 to 4,"TX, Mills County"
"TX, Palo Pinto",2010 - 2024,All,48363,1 to 4,1 to 4,"TX, Palo Pinto County"
"TX, Parker",2010 - 2024,All,48367,1 to 4,1 to 4,"TX, Parker County"
"TX, Potter",2010 - 2024,All,48375,1 to 4,1 to 4,"TX, Potter County"
"TX, Rains",2010 - 2024,All,48379,1 to 4,1 to 4,"TX, Rains County"
"TX, Randall",2010 - 2024,All,48381,1 to 4,1 to 4,"TX, Randall County"
"TX, Reeves",2010 - 2024,All,48389,1 to 4,1 to 4,"TX, Reeves County"
"TX, Refugio",2010 - 2024,All,48391,1 to 4,1 to 4,"TX, Refugio County"
"TX, Robertson",2010 - 2024,All,48395,1 to 4,1 to 4,"TX, Robertson County"
"TX, Rockwall",2010 - 2024,All,48397,1 to 4,1 to 4,"TX, Rockwall County"
"TX, Rusk",2010 - 2024,All,48401,1 to 4,1 to 4,"TX, Rusk County"
"TX, San Patricio",2010 - 2024,All,48409,1 to 4,1 to 4,"TX, San Patricio County"
"TX, Scurry",2010 - 2024,All,48415,1 to 4,1 to 4,"TX, Scurry County"
"TX, Smith",2010 - 2024,All,48423,1 to 4,1 to 4,"TX, Smith County"
"TX, Starr",2010 - 2024,All,48427,1 to 4,1 to 4,"TX, Starr County"
"TX, Taylor",2010 - 2024,All,48441,1 to 4,1 to 4,"TX, Taylor County"
"TX, Titus",2010 - 2024,All,48449,1 to 4,1 to 4,"TX, Titus County"
"TX, Tom Green",2010 - 2024,All,48451,1 to 4,1 to 4,"TX, Tom Green County"
"TX, Uvalde",2010 - 2024,All,48463,1 to 4,1 to 4,"TX, Uvalde County"
"TX, Val Verde",2010 - 2024,All,48465,1 to 4,1 to 4,"TX, Val Verde County"
"TX, Victoria",2010 - 2024,All,48469,1 to 4,1 to 4,"TX, Victoria County"
"TX, Walker",2010 - 2024,All,48471,1 to 4,1 to 4,"TX, Walker County"
"TX, Wharton",2010 - 2024,All,48481,1 to 4,1 to 4,"TX, Wharton County"
"TX, Wichita",2010 - 2024,All,48485,1 to 4,1 to 4,"TX, Wichita County"
"TX, Wilbarger",2010 - 2024,All,48487,1 to 4,1 to 4,"TX, Wilbarger County"
"TX, Willacy",2010 - 2024,All,48489,1 to 4,1 to 4,"TX, Willacy County"
"TX, Wise",2010 - 2024,All,48497,1 to 4,1 to 4,"TX, Wise County"
"UT, Cache",2010 - 2024,All,49005,1 to 4,1 to 4,"UT, Cache County"
"UT, Summit",2010 - 2024,All,49043,1 to 4,1 to 4,"UT, Summit County"
"UT, Wasatch",2010 - 2024,All,49051,1 to 4,1 to 4,"UT, Wasatch County"
"UT, Washington",2010 - 2024,All,49053,1 to 4,1 to 4,"UT, Washington County"
"UT, Weber",2010 - 2024,All,49057,1 to 4,1 to 4,"UT, Weber County"
"VT, Addison",2010 - 2024,All,50001,1 to 4,1 to 4,"VT, Addison County"
"VT, Caledonia",2010 - 2024,All,50005,1 to 4,1 to 4,"VT, Caledonia County"
"VT, Essex",2010 - 2024,All,50009,1 to 4,1 to 4,"VT, Essex County"
"VT, Franklin",2010 - 2024,All,50011,1 to 4,1 to 4,"VT, Franklin County"
"VT, Lamoille",2010 - 2024,All,50015,1 to 4,1 to 4,"VT, Lamoille County"
"VT, Orange",2010 - 2024,All,50017,1 to 4,1 to 4,"VT, Orange County"
"VT, Washington",2010 - 2024,All,50023,1 to 4,1 to 4,"VT, Washington County"
"VT, Windham",2010 - 2024,All,50025,1 to 4,1 to 4,"VT, Windham County"
"VT, Windsor",2010 - 2024,All,50027,1 to 4,1 to 4,"VT, Windsor County"
"VA, Accomack",2010 - 2024,All,51001,1 to 4,1 to 4,"VA, Accomack County"
"VA, Augusta",2010 - 2024,All,51015,1 to 4,1 to 4,"VA, Augusta County"
"VA, Chesterfield",2010 - 2024,All,51041,1 to 4,1 to 4,"VA, Chesterfield County"
"VA, Clarke",2010 - 2024,All,51043,1 to 4,1 to 4,"VA, Clarke County"
"VA, Culpeper",2010 - 2024,All,51047,1 to 4,1 to 4,"VA, Culpeper County"
"VA, Fauquier",2010 - 2024,All,51061,1 to 4,1 to 4,"VA, Fauquier County"
"VA, Franklin",2010 - 2024,All,51067,1 to 4,1 to 4,"VA, Franklin County"
"VA, Frederick",2010 - 2024,All,51069,1 to 4,1 to 4,"VA, Frederick County"
"VA, Goochland",2010 - 2024,All,51075,1 to 4,1 to 4,"VA, Goochland County"
"VA, Henrico",2010 - 2024,All,51087,1 to 4,1 to 4,"VA, Henrico County"
"VA, Madison",2010 - 2024,All,51113,1 to 4,1 to 4,"VA, Madison County"
"VA, Montgomery",2010 - 2024,All,51121,1 to 4,1 to 4,"VA, Montgomery County"
"VA, Orange",2010 - 2024,All,51137,1 to 4,1 to 4,"VA, Orange County"
"VA, Rappahannock",2010 - 2024,All,51157,1 to 4,1 to 4,"VA, Rappahannock County"
"VA, Roanoke",2010 - 2024,All,51161,1 to 4,1 to 4,"VA, Roanoke County"
"VA, Rockbridge",2010 - 2024,All,51163,1 to 4,1 to 4,"VA, Rockbridge County"
"VA, Rockingham",2010 - 2024,All,51165,1 to 4,1 to 4,"VA, Rockingham County"
"VA, Shenandoah",2010 - 2024,All,51171,1 to 4,1 to 4,"VA, Shenandoah County"
"VA, Spotsylvania",2010 - 2024,All,51177,1 to 4,1 to 4,"VA, Spotsylvania County"
"VA, Stafford",2010 - 2024,All,51179,1 to 4,1 to 4,"VA, Stafford County"
"VA, Warren",2010 - 2024,All,51187,1 to 4,1 to 4,"VA, Warren County"
"VA, Wise",2010 - 2024,All,51195,1 to 4,1 to 4,"VA, Wise County"
"VA, York",2010 - 2024,All,51199,1 to 4,1 to 4,"VA, York County"
"VA, Chesapeake City",2010 - 2024,All,51550,1 to 4,1 to 4,"VA, Chesapeake, City of"
"VA, Emporia City",2010 - 2024,All,51595,1 to 4,1 to 4,"VA, Emporia, City of"
"VA, Falls Church City",2010 - 2024,All,51610,1 to 4,1 to 4,"VA, Falls Church, City of"
"VA, Fredericksburg City",2010 - 2024,All,51630,1 to 4,1 to 4,"VA, Fredericksburg, City of"
"VA, Harrisonburg City",2010 - 2024,All,51660,1 to 4,1 to 4,"VA, Harrisonburg, City of"
"VA, Lynchburg City",2010 - 2024,All,51680,1 to 4,1 to 4,"VA, Lynchburg, City of"
"VA, Manassas City",2010 - 2024,All,51683,1 to 4,1 to 4,"VA, Manassas, City of"
"VA, Newport News City",2010 - 2024,All,51700,1 to 4,1 to 4,"VA, Newport News, City of"
"VA, Norfolk City",2010 - 2024,All,51710,1 to 4,1 to 4,"VA, Norfolk, City of"
"VA, Richmond City",2010 - 2024,All,51760,1 to 4,1 to 4,"VA, Richmond, City of"
"VA, Roanoke City",2010 - 2024,All,51770,1 to 4,1 to 4,"VA, Roanoke, City of"
"VA, Suffolk City",2010 - 2024,All,51800,1 to 4,1 to 4,"VA, Suffolk, City of"
"VA, Williamsburg City",2010 - 2024,All,51830,1 to 4,1 to 4,"VA, Williamsburg, City of"
"VA, Winchester City",2010 - 2024,All,51840,1 to 4,1 to 4,"VA, Winchester, City of"
"WA, Benton",2010 - 2024,All,53005,1 to 4,1 to 4,"WA, Benton County"
"WA, Chelan",2010 - 2024,All,53007,1 to 4,1 to 4,"WA, Chelan County"
"WA, Clallam",2010 - 2024,All,53009,1 to 4,1 to 4,"WA, Clallam County"
"WA, Cowlitz",2010 - 2024,All,53015,1 to 4,1 to 4,"WA, Cowlitz County"
"WA, Douglas",2010 - 2024,All,53017,1 to 4,1 to 4,"WA, Douglas County"
"WA, Franklin",2010 - 2024,All,53021,1 to 4,1 to 4,"WA, Franklin County"
"WA, Grant",2010 - 2024,All,53025,1 to 4,1 to 4,"WA, Grant County"
"WA, Island",2010 - 2024,All,53029,1 to 4,1 to 4,"WA, Island County"
"WA, San Juan",2010 - 2024,All,53055,1 to 4,1 to 4,"WA, San Juan County"
"WA, Stevens",2010 - 2024,All,53065,1 to 4,1 to 4,"WA, Stevens County"
"WA, Wahkiakum",2010 - 2024,All,53069,1 to 4,1 to 4,"WA, Wahkiakum County"
"WA, Walla Walla",2010 - 2024,All,53071,1 to 4,1 to 4,"WA, Walla Walla County"
"WV, Fayette",2010 - 2024,All,54019,1 to 4,1 to 4,"WV, Fayette County"
"WV, Hampshire",2010 - 2024,All,54027,1 to 4,1 to 4,"WV, Hampshire County"
"WV, Kanawha",2010 - 2024,All,54039,1 to 4,1 to 4,"WV, Kanawha County"
"WV, Monongalia",2010 - 2024,All,54061,1 to 4,1 to 4,"WV, Monongalia County"
"WV, Putnam",2010 - 2024,All,54079,1 to 4,1 to 4,"WV, Putnam County"
"WV, Randolph",2010 - 2024,All,54083,1 to 4,1 to 4,"WV, Randolph County"
"WV, Tyler",2010 - 2024,All,54095,1 to 4,1 to 4,"WV, Tyler County"
"WV, Wood",2010 - 2024,All,54107,1 to 4,1 to 4,"WV, Wood County"
"WI, Bayfield",2010 - 2024,All,55007,1 to 4,1 to 4,"WI, Bayfield County"
"WI, Brown",2010 - 2024,All,55009,1 to 4,1 to 4,"WI, Brown County"
"WI, Clark",2010 - 2024,All,55019,1 to 4,1 to 4,"WI, Clark County"
"WI, Columbia",2010 - 2024,All,55021,1 to 4,1 to 4,"WI, Columbia County"
"WI, Door",2010 - 2024,All,55029,1 to 4,1 to 4,"WI, Door County"
"WI, Douglas",2010 - 2024,All,55031,1 to 4,1 to 4,"WI, Douglas County"
"WI, Eau Claire",2010 - 2024,All,55035,1 to 4,1 to 4,"WI, Eau Claire County"
"WI, Fond Du Lac",2010 - 2024,All,55039,1 to 4,1 to 4,"WI, Fond du Lac County"
"WI, Green",2010 - 2024,All,55045,1 to 4,1 to 4,"WI, Green County"
"WI, Juneau",2010 - 2024,All,55057,1 to 4,1 to 4,"WI, Juneau County"
"WI, Kenosha",2010 - 2024,All,55059,1 to 4,1 to 4,"WI, Kenosha County"
"WI, La Crosse",2010 - 2024,All,55063,1 to 4,1 to 4,"WI, La Crosse County"
"WI, Lafayette",2010 - 2024,All,55065,1 to 4,1 to 4,"WI, Lafayette County"
"WI, Marathon",2010 - 2024,All,55073,1 to 4,1 to 4,"WI, Marathon County"
"WI, Monroe",2010 - 2024,All,55081,1 to 4,1 to 4,"WI, Monroe County"
"WI, Oneida",2010 - 2024,All,55085,1 to 4,1 to 4,"WI, Oneida County"
"WI, Ozaukee",2010 - 2024,All,55089,1 to 4,1 to 4,"WI, Ozaukee County"
"WI, Polk",2010 - 2024,All,55095,1 to 4,1 to 4,"WI, Polk County"
"WI, Portage",2010 - 2024,All,55097,1 to 4,1 to 4,"WI, Portage County"
"WI, Racine",2010 - 2024,All,55101,1 to 4,1 to 4,"WI, Racine County"
"WI, Richland",2010 - 2024,All,55103,1 to 4,1 to 4,"WI, Richland County"
"WI, Rock",2010 - 2024,All,55105,1 to 4,1 to 4,"WI, Rock County"
"WI, St Croix",2010 - 2024,All,55109,1 to 4,1 to 4,"WI, St. Croix County"
"WI, Sauk",2010 - 2024,All,55111,1 to 4,1 to 4,"WI, Sauk County"
"WI, Shawano",2010 - 2024,All,55115,1 to 4,1 to 4,"WI, Shawano County"
"WI, Sheboygan",2010 - 2024,All,55117,1 to 4,1 to 4,"WI, Sheboygan County"
"WI, Vernon",2010 - 2024,All,55123,1 to 4,1 to 4,"WI, Vernon County"
"WI, Washburn",2010 - 2024,All,55129,1 to 4,1 to 4,"WI, Washburn County"
"WI, Washington",2010 - 2024,All,55131,1 to 4,1 to 4,"WI, Washington County"
"WI, Wood",2010 - 2024,All,55141,1 to 4,1 to 4,"WI, Wood County"
"WY, Albany",2010 - 2024,All,56001,1 to 4,1 to 4,"WY, Albany County"
"WY, Big Horn",2010 - 2024,All,56003,1 to 4,1 to 4,"WY, Big Horn County"
"WY, Laramie",2010 - 2024,All,56021,1 to 4,1 to 4,"WY, Laramie County"
"AS, Olosega",2010 - 2024,All,60020,1 to 4,1 to 4,"AS, Manu'a District"
,2010 - 2024,All,68190,1 to 4,1 to 4,"MH, Majuro"
"MP, Rota",2010 - 2024,All,69100,1 to 4,1 to 4,"MP, Rota Municipality"
"MP, Saipan",2010 - 2024,All,69110,1 to 4,1 to 4,"MP, Saipan Municipality"
,2010 - 2024,All,70999,1 to 4,1 to 4,"NY, Unk"
"AL, Jefferson",2010 - 2024,All,01073,16,5 to 49,"AL, NA"
"AL, Madison",2010 - 2024,All,01089,9,5 to 49,"AL, NA"
"AL, Montgomery",2010 - 2024,All,01101,5,5 to 49,"AL, NA"
"AK, Anchorage Muny",2010 - 2024,All,02020,12,5 to 49,"AK, NA"
AK,2010 - 2024,All,02999,9,5 to 49,"AK, NA"
"AZ, Pima",2010 - 2024,All,04019,28,5 to 49,"AZ, NA"
"AZ, Pinal",2010 - 2024,All,04021,8,5 to 49,"AZ, NA"
"AR, Benton",2010 - 2024,All,05007,10,5 to 49,"AR, NA"
"AR, Pulaski",2010 - 2024,All,05119,7,5 to 49,"AR, NA"
"AR, Washington",2010 - 2024,All,05143,10,5 to 49,"AR, NA"
"CA, Butte",2010 - 2024,All,06007,7,5 to 49,"CA, NA"
"CA, El Dorado",2010 - 2024,All,06017,6,5 to 49,"CA, NA"
"CA, Fresno",2010 - 2024,All,06019,33,5 to 49,"CA, NA"
"CA, Imperial",2010 - 2024,All,06025,7,5 to 49,"CA, NA"
"CA, Kern",2010 - 2024,All,06029,27,5 to 49,"CA, NA"
"CA, Kings",2010 - 2024,All,06031,5,5 to 49,"CA, NA"
"CA, Marin",2010 - 2024,All,06041,19,5 to 49,"CA, NA"
"CA, Monterey",2010 - 2024,All,06053,17,5 to 49,"CA, NA"
"CA, Napa",2010 - 2024,All,06055,11,5 to 49,"CA, NA"
"CA, Placer",2010 - 2024,All,06061,16,5 to 49,"CA, NA"
"CA, San Benito",2010 - 2024,All,06069,5,5 to 49,"CA, NA"
"CA, San Joaquin",2010 - 2024,All,06077,29,5 to 49,"CA, NA"
"CA, San Luis Obispo",2010 - 2024,All,06079,17,5 to 49,"CA, NA"
"CA, Santa Barbara",2010 - 2024,All,06083,26,5 to 49,"CA, NA"
"CA, Santa Cruz",2010 - 2024,All,06087,19,5 to 49,"CA, NA"
"CA, Solano",2010 - 2024,All,06095,27,5 to 49,"CA, NA"
"CA, Sonoma",2010 - 2024,All,06097,39,5 to 49,"CA, NA"
"CA, Stanislaus",2010 - 2024,All,06099,25,5 to 49,"CA, NA"
"CA, Tulare",2010 - 2024,All,06107,12,5 to 49,"CA, NA"
"CA, Ventura",2010 - 2024,All,06111,39,5 to 49,"CA, NA"
"CA, Yolo",2010 - 2024,All,06113,28,5 to 49,"CA, NA"
"CO, Adams",2010 - 2024,All,08001,11,5 to 49,"CO, NA"
"CO, Arapahoe",2010 - 2024,All,08005,23,5 to 49,"CO, NA"
"CO, Boulder",2010 - 2024,All,08013,23,5 to 49,"CO, NA"
"CO, Denver",2010 - 2024,All,08031,29,5 to 49,"CO, NA"
"CO, Douglas",2010 - 2024,All,08035,14,5 to 49,"CO, NA"
"CO, Eagle",2010 - 2024,All,08037,6,5 to 49,"CO, NA"
"CO, El Paso",2010 - 2024,All,08041,14,5 to 49,"CO, NA"
"CO, Garfield",2010 - 2024,All,08045,6,5 to 49,"CO, NA"
"CO, Jefferson",2010 - 2024,All,08059,18,5 to 49,"CO, NA"
"CO, Larimer",2010 - 2024,All,08069,10,5 to 49,"CO, NA"
"CO, Weld",2010 - 2024,All,08123,10,5 to 49,"CO, NA"
"CT, Fairfield",2010 - 2024,All,09001,31,5 to 49,"CT, NA"
"CT, Hartford",2010 - 2024,All,09003,24,5 to 49,"CT, NA"
"CT, New Haven",2010 - 2024,All,09009,16,5 to 49,"CT, NA"
"CT, New London",2010 - 2024,All,09011,5,5 to 49,"CT, NA"
"CT, Capitol",2010 - 2024,All,09110,12,5 to 49,"CT, NA"
"CT, Greater Bridgeport",2010 - 2024,All,09120,8,5 to 49,"CT, NA"
"CT, South Central Connecticut",2010 - 2024,All,09170,10,5 to 49,"CT, NA"
"CT, Western Connecticut",2010 - 2024,All,09190,20,5 to 49,"CT, NA"
"DE, New Castle",2010 - 2024,All,10003,23,5 to 49,"DE, New Castle County"
"FL, Alachua",2010 - 2024,All,12001,17,5 to 49,"FL, Alachua County"
"FL, Brevard",2010 - 2024,All,12009,27,5 to 49,"FL, Brevard County"
"FL, Charlotte",2010 - 2024,All,12015,9,5 to 49,"FL, Charlotte County"
"FL, Clay",2010 - 2024,All,12019,8,5 to 49,"FL, Clay County"
"FL, Escambia",2010 - 2024,All,12033,7,5 to 49,"FL, Escambia County"
"FL, Flagler",2010 - 2024,All,12035,8,5 to 49,"FL, Flagler County"
"FL, Hardee",2010 - 2024,All,12049,21,5 to 49,"FL, Hardee County"
"FL, Hendry",2010 - 2024,All,12051,8,5 to 49,"FL, Hendry County"
"FL, Hernando",2010 - 2024,All,12053,7,5 to 49,"FL, Hernando County"
"FL, Indian River",2010 - 2024,All,12061,8,5 to 49,"FL, Indian River County"
"FL, Lake",2010 - 2024,All,12069,11,5 to 49,"FL, Lake County"
"FL, Manatee",2010 - 2024,All,12081,21,5 to 49,"FL, Manatee County"
"FL, Marion",2010 - 2024,All,12083,15,5 to 49,"FL, Marion County"
"FL, Martin",2010 - 2024,All,12085,22,5 to 49,"FL, Martin County"
"FL, Pasco",2010 - 2024,All,12101,39,5 to 49,"FL, Pasco County"
"FL, Pinellas",2010 - 2024,All,12103,37,5 to 49,"FL, Pinellas County"
"FL, Polk",2010 - 2024,All,12105,40,5 to 49,"FL, Polk County"
"FL, St Johns",2010 - 2024,All,12109,10,5 to 49,"FL, St. Johns County"
"FL, St Lucie",2010 - 2024,All,12111,43,5 to 49,"FL, St. Lucie County"
"FL, Santa Rosa",2010 - 2024,All,12113,5,5 to 49,"FL, Santa Rosa County"
"FL, Sarasota",2010 - 2024,All,12115,27,5 to 49,"FL, Sarasota County"
"FL, Seminole",2010 - 2024,All,12117,34,5 to 49,"FL, Seminole County"
"FL, Volusia",2010 - 2024,All,12127,22,5 to 49,"FL, Volusia County"
"GA, Cobb",2010 - 2024,All,13067,20,5 to 49,"GA, Cobb County"
"GA, De Kalb",2010 - 2024,All,13089,15,5 to 49,"GA, DeKalb County"
"GA, Forsyth",2010 - 2024,All,13117,7,5 to 49,"GA, Forsyth County"
"GA, Fulton",2010 - 2024,All,13121,41,5 to 49,"GA, Fulton County"
"GA, Gwinnett",2010 - 2024,All,13135,28,5 to 49,"GA, Gwinnett County"
"HI, Kauai",2010 - 2024,All,15007,9,5 to 49,"HI, Kauai County"
"HI, Maui",2010 - 2024,All,15009,22,5 to 49,"HI, Maui County"
"ID, Ada",2010 - 2024,All,16001,13,5 to 49,"ID, Ada County"
"ID, Canyon",2010 - 2024,All,16027,5,5 to 49,"ID, Canyon County"
"IL, Champaign",2010 - 2024,All,17019,11,5 to 49,"IL, Champaign County"
"IL, Du Page",2010 - 2024,All,17043,42,5 to 49,"IL, DuPage County"
"IL, Kane",2010 - 2024,All,17089,15,5 to 49,"IL, Kane County"
"IL, Kendall",2010 - 2024,All,17093,5,5 to 49,"IL, Kendall County"
"IL, Lake",2010 - 2024,All,17097,37,5 to 49,"IL, Lake County"
"IL, Mchenry",2010 - 2024,All,17111,5,5 to 49,"IL, McHenry County"
"IL, Will",2010 - 2024,All,17197,20,5 to 49,"IL, Will County"
"IN, Hamilton",2010 - 2024,All,18057,10,5 to 49,"IN, Hamilton County"
"IN, Johnson",2010 - 2024,All,18081,7,5 to 49,"IN, Johnson County"
"IN, Marion",2010 - 2024,All,18097,28,5 to 49,"IN, Marion County"
"IN, St Joseph",2010 - 2024,All,18141,6,5 to 49,"IN, St. Joseph County"
"IN, Tippecanoe",2010 - 2024,All,18157,10,5 to 49,"IN, Tippecanoe County"
"IA, Dallas",2010 - 2024,All,19049,7,5 to 49,"IA, Dallas County"
"IA, Johnson",2010 - 2024,All,19103,7,5 to 49,"IA, Johnson County"
"IA, Linn",2010 - 2024,All,19113,5,5 to 49,"IA, Linn County"
"IA, Polk",2010 - 2024,All,19153,6,5 to 49,"IA, Polk County"
"IA, Sioux",2010 - 2024,All,19167,7,5 to 49,"IA, Sioux County"
"IA, Story",2010 - 2024,All,19169,5,5 to 49,"IA, Story County"
"KS, Douglas",2010 - 2024,All,20045,6,5 to 49,"KS, Douglas County"
"KS, Johnson",2010 - 2024,All,20091,15,5 to 49,"KS, Johnson County"
"KS, Sedgwick",2010 - 2024,All,20173,6,5 to 49,"KS, Sedgwick County"
"KY, Jefferson",2010 - 2024,All,21111,23,5 to 49,"KY, Jefferson County"
"LA, East Baton Rouge Parish",2010 - 2024,All,22033,5,5 to 49,"LA, East Baton Rouge Parish"
"LA, Jefferson Parish",2010 - 2024,All,22051,19,5 to 49,"LA, Jefferson Parish"
"LA, Lafayette Parish",2010 - 2024,All,22055,10,5 to 49,"LA, Lafayette Parish"
"LA, Orleans Parish",2010 - 2024,All,22071,21,5 to 49,"LA, Orleans Parish"
"LA, St Tammany Parish",2010 - 2024,All,22103,6,5 to 49,"LA, St. Tammany Parish"
"ME, Cumberland",2010 - 2024,All,23005,13,5 to 49,"ME, Cumberland County"
"MD, Anne Arundel",2010 - 2024,All,24003,23,5 to 49,"MD, Anne Arundel County"
"MD, Baltimore",2010 - 2024,All,24005,30,5 to 49,"MD, Baltimore County"
"MD, Frederick",2010 - 2024,All,24021,13,5 to 49,"MD, Frederick County"
"MD, Howard",2010 - 2024,All,24027,18,5 to 49,"MD, Howard County"
"MD, Prince Georges",2010 - 2024,All,24033,33,5 to 49,"MD, Prince George's County"
"MD, Baltimore City",2010 - 2024,All,24510,15,5 to 49,"MD, Baltimore City"
"MA, Bristol",2010 - 2024,All,25005,6,5 to 49,"MA, Bristol County"
"MA, Essex",2010 - 2024,All,25009,38,5 to 49,"MA, Essex County"
"MA, Norfolk",2010 - 2024,All,25021,37,5 to 49,"MA, Norfolk County"
"MA, Plymouth",2010 - 2024,All,25023,12,5 to 49,"MA, Plymouth County"
"MA, Worcester",2010 - 2024,All,25027,32,5 to 49,"MA, Worcester County"
"MI, Grand Traverse",2010 - 2024,All,26055,5,5 to 49,"MI, Grand Traverse County"
"MI, Ingham",2010 - 2024,All,26065,6,5 to 49,"MI, Ingham County"
"MI, Kent",2010 - 2024,All,26081,19,5 to 49,"MI, Kent County"
"MI, Livingston",2010 - 2024,All,26093,7,5 to 49,"MI, Livingston County"
"MI, Macomb",2010 - 2024,All,26099,5,5 to 49,"MI, Macomb County"
"MI, Oakland",2010 - 2024,All,26125,42,5 to 49,"MI, Oakland County"
"MI, Ottawa",2010 - 2024,All,26139,5,5 to 49,"MI, Ottawa County"
"MI, Washtenaw",2010 - 2024,All,26161,40,5 to 49,"MI, Washtenaw County"
"MI, Wayne",2010 - 2024,All,26163,28,5 to 49,"MI, Wayne County"
"MN, Anoka",2010 - 2024,All,27003,11,5 to 49,"MN, Anoka County"
"MN, Dakota",2010 - 2024,All,27037,26,5 to 49,"MN, Dakota County"
"MN, Olmsted",2010 - 2024,All,27109,6,5 to 49,"MN, Olmsted County"
"MN, Ramsey",2010 - 2024,All,27123,39,5 to 49,"MN, Ramsey County"
"MN, Scott",2010 - 2024,All,27139,6,5 to 49,"MN, Scott County"
"MN, Washington",2010 - 2024,All,27163,16,5 to 49,"MN, Washington County"
"MO, Jackson",2010 - 2024,All,29095,13,5 to 49,"MO, Jackson County"
"MO, St Charles",2010 - 2024,All,29183,5,5 to 49,"MO, St. Charles County"
"MO, St Louis",2010 - 2024,All,29189,20,5 to 49,"MO, St. Louis County"
"MO, St Louis City",2010 - 2024,All,29510,6,5 to 49,"MO, St. Louis, City of"
"MT, Gallatin",2010 - 2024,All,30031,10,5 to 49,"MT, Gallatin County"
"MT, Missoula",2010 - 2024,All,30063,7,5 to 49,"MT, Missoula County"
"NE, Dodge",2010 - 2024,All,31053,5,5 to 49,"NE, Dodge County"
"NE, Douglas",2010 - 2024,All,31055,9,5 to 49,"NE, Douglas County"
"NE, Lancaster",2010 - 2024,All,31109,8,5 to 49,"NE, Lancaster County"
"NE, Merrick",2010 - 2024,All,31121,7,5 to 49,"NE, Merrick County"
"NV, Clark",2010 - 2024,All,32003,43,5 to 49,"NV, Clark County"
"NV, Washoe",2010 - 2024,All,32031,11,5 to 49,"NV, Washoe County"
"NH, Hillsborough",2010 - 2024,All,33011,18,5 to 49,"NH, Hillsborough County"
"NH, Rockingham",2010 - 2024,All,33015,5,5 to 49,"NH, Rockingham County"
"NJ, Atlantic",2010 - 2024,All,34001,11,5 to 49,"NJ, Atlantic County"
"NJ, Burlington",2010 - 2024,All,34005,15,5 to 49,"NJ, Burlington County"
"NJ, Camden",2010 - 2024,All,34007,18,5 to 49,"NJ, Camden County"
"NJ, Cumberland",2010 - 2024,All,34011,13,5 to 49,"NJ, Cumberland County"
"NJ, Essex",2010 - 2024,All,34013,45,5 to 49,"NJ, Essex County"
"NJ, Gloucester",2010 - 2024,All,34015,7,5 to 49,"NJ, Gloucester County"
"NJ, Hunterdon",2010 - 2024,All,34019,7,5 to 49,"NJ, Hunterdon County"
"NJ, Mercer",2010 - 2024,All,34021,33,5 to 49,"NJ, Mercer County"
"NJ, Monmouth",2010 - 2024,All,34025,37,5 to 49,"NJ, Monmouth County"
"NJ, Morris",2010 - 2024,All,34027,25,5 to 49,"NJ, Morris County"
"NJ, Ocean",2010 - 2024,All,34029,11,5 to 49,"NJ, Ocean County"
"NJ, Passaic",2010 - 2024,All,34031,41,5 to 49,"NJ, Passaic County"
"NJ, Somerset",2010 - 2024,All,34035,34,5 to 49,"NJ, Somerset County"
"NJ, Sussex",2010 - 2024,All,34037,8,5 to 49,"NJ, Sussex County"
"NJ, Union",2010 - 2024,All,34039,48,5 to 49,"NJ, Union County"
"NJ, Warren",2010 - 2024,All,34041,6,5 to 49,"NJ, Warren County"
"NM, Bernalillo",2010 - 2024,All,35001,17,5 to 49,"NM, Bernalillo County"
"NM, Santa Fe",2010 - 2024,All,35049,5,5 to 49,"NM, Santa Fe County"
"NY, Albany",2010 - 2024,All,36001,10,5 to 49,"NY, Albany County"
"NY, Dutchess",2010 - 2024,All,36027,14,5 to 49,"NY, Dutchess County"
"NY, Erie",2010 - 2024,All,36029,16,5 to 49,"NY, Erie County"
"NY, Monroe",2010 - 2024,All,36055,24,5 to 49,"NY, Monroe County"
"NY, Onondaga",2010 - 2024,All,36067,23,5 to 49,"NY, Onondaga County"
"NY, Orange",2010 - 2024,All,36071,19,5 to 49,"NY, Orange County"
"NY, Putnam",2010 - 2024,All,36079,6,5 to 49,"NY, Putnam County"
"NY, Richmond",2010 - 2024,All,36085,31,5 to 49,"NY, Richmond County"
"NY, Rockland",2010 - 2024,All,36087,20,5 to 49,"NY, Rockland County"
"NY, Tompkins",2010 - 2024,All,36109,8,5 to 49,"NY, Tompkins County"
"NY, Ulster",2010 - 2024,All,36111,8,5 to 49,"NY, Ulster County"
"NC, Alamance",2010 - 2024,All,37001,7,5 to 49,"NC, Alamance County"
"NC, Buncombe",2010 - 2024,All,37021,14,5 to 49,"NC, Buncombe County"
"NC, Cumberland",2010 - 2024,All,37051,5,5 to 49,"NC, Cumberland County"
"NC, Durham",2010 - 2024,All,37063,15,5 to 49,"NC, Durham County"
"NC, Forsyth",2010 - 2024,All,37067,9,5 to 49,"NC, Forsyth County"
"NC, Guilford",2010 - 2024,All,37081,13,5 to 49,"NC, Guilford County"
"NC, Johnston",2010 - 2024,All,37101,7,5 to 49,"NC, Johnston County"
"NC, Mecklenburg",2010 - 2024,All,37119,26,5 to 49,"NC, Mecklenburg County"
"NC, New Hanover",2010 - 2024,All,37129,7,5 to 49,"NC, New Hanover County"
"NC, Orange",2010 - 2024,All,37135,13,5 to 49,"NC, Orange County"
"NC, Union",2010 - 2024,All,37179,7,5 to 49,"NC, Union County"
"NC, Wake",2010 - 2024,All,37183,43,5 to 49,"NC, Wake County"
"OH, Butler",2010 - 2024,All,39017,6,5 to 49,"OH, Butler County"
"OH, Cuyahoga",2010 - 2024,All,39035,28,5 to 49,"OH, Cuyahoga County"
"OH, Franklin",2010 - 2024,All,39049,28,5 to 49,"OH, Franklin County"
"OH, Hamilton",2010 - 2024,All,39061,15,5 to 49,"OH, Hamilton County"
"OH, Lorain",2010 - 2024,All,39093,5,5 to 49,"OH, Lorain County"
"OH, Montgomery",2010 - 2024,All,39113,9,5 to 49,"OH, Montgomery County"
"OH, Summit",2010 - 2024,All,39153,6,5 to 49,"OH, Summit County"
"OK, Oklahoma",2010 - 2024,All,40109,9,5 to 49,"OK, Oklahoma County"
"OK, Tulsa",2010 - 2024,All,40143,11,5 to 49,"OK, Tulsa County"
"OR, Clackamas",2010 - 2024,All,41005,6,5 to 49,"OR, Clackamas County"
"OR, Deschutes",2010 - 2024,All,41017,10,5 to 49,"OR, Deschutes County"
"OR, Jackson",2010 - 2024,All,41029,6,5 to 49,"OR, Jackson County"
"OR, Marion",2010 - 2024,All,41047,11,5 to 49,"OR, Marion County"
"OR, Multnomah",2010 - 2024,All,41051,32,5 to 49,"OR, Multnomah County"
"OR, Washington",2010 - 2024,All,41067,19,5 to 49,"OR, Washington County"
"OR, Yamhill",2010 - 2024,All,41071,5,5 to 49,"OR, Yamhill County"
"PA, Allegheny",2010 - 2024,All,42003,30,5 to 49,"PA, Allegheny County"
"PA, Berks",2010 - 2024,All,42011,14,5 to 49,"PA, Berks County"
"PA, Bucks",2010 - 2024,All,42017,13,5 to 49,"PA, Bucks County"
"PA, Centre",2010 - 2024,All,42027,9,5 to 49,"PA, Centre County"
"PA, Chester",2010 - 2024,All,42029,14,5 to 49,"PA, Chester County"
"PA, Cumberland",2010 - 2024,All,42041,6,5 to 49,"PA, Cumberland County"
"PA, Delaware",2010 - 2024,All,42045,23,5 to 49,"PA, Delaware County"
"PA, Lancaster",2010 - 2024,All,42071,16,5 to 49,"PA, Lancaster County"
"PA, Lehigh",2010 - 2024,All,42077,22,5 to 49,"PA, Lehigh County"
"PA, Luzerne",2010 - 2024,All,42079,6,5 to 49,"PA, Luzerne County"
"PA, Monroe",2010 - 2024,All,42089,5,5 to 49,"PA, Monroe County"
"PA, Montgomery",2010 - 2024,All,42091,37,5 to 49,"PA, Montgomery County"
"PA, Northampton",2010 - 2024,All,42095,12,5 to 49,"PA, Northampton County"
"PA, Washington",2010 - 2024,All,42125,5,5 to 49,"PA, Washington County"
"PA, York",2010 - 2024,All,42133,5,5 to 49,"PA, York County"
"RI, Kent",2010 - 2024,All,44003,7,5 to 49,"RI, Kent County"
"RI, Newport",2010 - 2024,All,44005,5,5 to 49,"RI, Newport County"
"SC, Beaufort",2010 - 2024,All,45013,5,5 to 49,"SC, Beaufort County"
"SC, Charleston",2010 - 2024,All,45019,10,5 to 49,"SC, Charleston County"
"SC, Greenville",2010 - 2024,All,45045,11,5 to 49,"SC, Greenville County"
"SC, Lexington",2010 - 2024,All,45063,12,5 to 49,"SC, Lexington County"
"SC, Richland",2010 - 2024,All,45079,16,5 to 49,"SC, Richland County"
"SC, Spartanburg",2010 - 2024,All,45083,5,5 to 49,"SC, Spartanburg County"
"SD, Minnehaha",2010 - 2024,All,46099,9,5 to 49,"SD, Minnehaha County"
"TN, Davidson",2010 - 2024,All,47037,13,5 to 49,"TN, Davidson County"
"TN, Greene",2010 - 2024,All,47059,6,5 to 49,"TN, Greene County"
"TN, Hamilton",2010 - 2024,All,47065,10,5 to 49,"TN, Hamilton County"
"TN, Knox",2010 - 2024,All,47093,7,5 to 49,"TN, Knox County"
"TN, Rutherford",2010 - 2024,All,47149,9,5 to 49,"TN, Rutherford County"
"TN, Shelby",2010 - 2024,All,47157,9,5 to 49,"TN, Shelby County"
"TN, Williamson",2010 - 2024,All,47187,9,5 to 49,"TN, Williamson County"
"TX, Bell",2010 - 2024,All,48027,6,5 to 49,"TX, Bell County"
"TX, Bexar",2010 - 2024,All,48029,44,5 to 49,"TX, Bexar County"
"TX, Brazoria",2010 - 2024,All,48039,8,5 to 49,"TX, Brazoria County"
"TX, Collin",2010 - 2024,All,48085,49,5 to 49,"TX, Collin County"
"TX, Denton",2010 - 2024,All,48121,28,5 to 49,"TX, Denton County"
"TX, Ector",2010 - 2024,All,48135,6,5 to 49,"TX, Ector County"
"TX, El Paso",2010 - 2024,All,48141,13,5 to 49,"TX, El Paso County"
"TX, Fort Bend",2010 - 2024,All,48157,36,5 to 49,"TX, Fort Bend County"
"TX, Galveston",2010 - 2024,All,48167,6,5 to 49,"TX, Galveston County"
"TX, Hays",2010 - 2024,All,48209,10,5 to 49,"TX, Hays County"
"TX, Maverick",2010 - 2024,All,48323,12,5 to 49,"TX, Maverick County"
"TX, Midland",2010 - 2024,All,48329,5,5 to 49,"TX, Midland County"
"TX, Montgomery",2010 - 2024,All,48339,20,5 to 49,"TX, Montgomery County"
"TX, Nueces",2010 - 2024,All,48355,9,5 to 49,"TX, Nueces County"
"TX, Tarrant",2010 - 2024,All,48439,44,5 to 49,"TX, Tarrant County"
"TX, Webb",2010 - 2024,All,48479,18,5 to 49,"TX, Webb County"
"TX, Williamson",2010 - 2024,All,48491,17,5 to 49,"TX, Williamson County"
"UT, Davis",2010 - 2024,All,49011,8,5 to 49,"UT, Davis County"
"UT, Salt Lake",2010 - 2024,All,49035,43,5 to 49,"UT, Salt Lake County"
"UT, Utah",2010 - 2024,All,49049,9,5 to 49,"UT, Utah County"
"VT, Chittenden",2010 - 2024,All,50007,16,5 to 49,"VT, Chittenden County"
"VT, Rutland",2010 - 2024,All,50021,5,5 to 49,"VT, Rutland County"
"VA, Albemarle",2010 - 2024,All,51003,5,5 to 49,"VA, Albemarle County"
"VA, Arlington",2010 - 2024,All,51013,27,5 to 49,"VA, Arlington County"
"VA, Loudoun",2010 - 2024,All,51107,38,5 to 49,"VA, Loudoun County"
"VA, Prince William",2010 - 2024,All,51153,19,5 to 49,"VA, Prince William County"
"VA, Alexandria City",2010 - 2024,All,51510,10,5 to 49,"VA, Alexandria, City of"
"VA, Charlottesville City",2010 - 2024,All,51540,6,5 to 49,"VA, Charlottesville, City of"
"VA, Virginia Beach City",2010 - 2024,All,51810,7,5 to 49,"VA, Virginia Beach, City of"
"WA, Clark",2010 - 2024,All,53011,9,5 to 49,"WA, Clark County"
"WA, Kitsap",2010 - 2024,All,53035,7,5 to 49,"WA, Kitsap County"
"WA, Pierce",2010 - 2024,All,53053,24,5 to 49,"WA, Pierce County"
"WA, Skagit",2010 - 2024,All,53057,6,5 to 49,"WA, Skagit County"
"WA, Snohomish",2010 - 2024,All,53061,27,5 to 49,"WA, Snohomish County"
"WA, Spokane",2010 - 2024,All,53063,8,5 to 49,"WA, Spokane County"
"WA, Thurston",2010 - 2024,All,53067,9,5 to 49,"WA, Thurston County"
"WA, Whatcom",2010 - 2024,All,53073,6,5 to 49,"WA, Whatcom County"
"WA, Yakima",2010 - 2024,All,53077,13,5 to 49,"WA, Yakima County"
"WI, Dane",2010 - 2024,All,55025,49,5 to 49,"WI, Dane County"
"WI, Milwaukee",2010 - 2024,All,55079,31,5 to 49,"WI, Milwaukee County"
"WI, Outagamie",2010 - 2024,All,55087,6,5 to 49,"WI, Outagamie County"
"WI, Walworth",2010 - 2024,All,55127,8,5 to 49,"WI, Walworth County"
"WI, Waukesha",2010 - 2024,All,55133,18,5 to 49,"WI, Waukesha County"
"WI, Winnebago",2010 - 2024,All,55139,5,5 to 49,"WI, Winnebago County"
"WY, Teton",2010 - 2024,All,56039,5,5 to 49,"WY, Teton County"
,2010 - 2024,All,64000,8,5 to 49,"FM, Unk"
"GU, Guam",2010 - 2024,All,66010,33,5 to 49,"GU, Guam"
"PR, Culebra",2010 - 2024,All,72049,30,5 to 49,"PR, Culebra Municipality"
"PR, Vieques",2010 - 2024,All,72147,16,5 to 49,"PR, Vieques Municipality"
"AZ, Maricopa",2010 - 2024,All,04013,174,50 to 249,"AZ, NA"
"AZ, Yuma",2010 - 2024,All,04027,74,50 to 249,"AZ, NA"
"CA, Alameda",2010 - 2024,All,06001,197,50 to 249,"CA, NA"
"CA, Contra Costa",2010 - 2024,All,06013,90,50 to 249,"CA, NA"
"CA, Orange",2010 - 2024,All,06059,180,50 to 249,"CA, NA"
"CA, Riverside",2010 - 2024,All,06065,73,50 to 249,"CA, NA"
"CA, Sacramento",2010 - 2024,All,06067,59,50 to 249,"CA, NA"
"CA, San Bernardino",2010 - 2024,All,06071,60,50 to 249,"CA, NA"
"CA, San Diego",2010 - 2024,All,06073,219,50 to 249,"CA, NA"
"CA, San Francisco",2010 - 2024,All,06075,81,50 to 249,"CA, NA"
"CA, San Mateo",2010 - 2024,All,06081,90,50 to 249,"CA, NA"
"DC, Washington",2010 - 2024,All,11001,65,50 to 249,"DC, District of Columbia"
"FL, Collier",2010 - 2024,All,12021,51,50 to 249,"FL, Collier County"
"FL, Duval",2010 - 2024,All,12031,50,50 to 249,"FL, Duval County"
"FL, Lee",2010 - 2024,All,12071,107,50 to 249,"FL, Lee County"
"FL, Monroe",2010 - 2024,All,12087,149,50 to 249,"FL, Monroe County"
"FL, Orange",2010 - 2024,All,12095,141,50 to 249,"FL, Orange County"
"FL, Osceola",2010 - 2024,All,12097,51,50 to 249,"FL, Osceola County"
"FL, Palm Beach",2010 - 2024,All,12099,223,50 to 249,"FL, Palm Beach County"
"HI, Honolulu",2010 - 2024,All,15003,97,50 to 249,"HI, Honolulu, City and County of"
"MD, Montgomery",2010 - 2024,All,24031,70,50 to 249,"MD, Montgomery County"
"MA, Middlesex",2010 - 2024,All,25017,85,50 to 249,"MA, Middlesex County"
"MA, Suffolk",2010 - 2024,All,25025,102,50 to 249,"MA, Suffolk County"
"MN, Hennepin",2010 - 2024,All,27053,90,50 to 249,"MN, Hennepin County"
"NJ, Bergen",2010 - 2024,All,34003,74,50 to 249,"NJ, Bergen County"
"NJ, Hudson",2010 - 2024,All,34017,91,50 to 249,"NJ, Hudson County"
"NJ, Middlesex",2010 - 2024,All,34023,90,50 to 249,"NJ, Middlesex County"
"NY, Nassau",2010 - 2024,All,36059,106,50 to 249,"NY, Nassau County"
"NY, Suffolk",2010 - 2024,All,36103,87,50 to 249,"NY, Suffolk County"
"NY, Westchester",2010 - 2024,All,36119,115,50 to 249,"NY, Westchester County"
"PA, Philadelphia",2010 - 2024,All,42101,59,50 to 249,"PA, Philadelphia County"
"RI, Providence",2010 - 2024,All,44007,53,50 to 249,"RI, Providence County"
"TX, Cameron",2010 - 2024,All,48061,55,50 to 249,"TX, Cameron County"
"TX, Dallas",2010 - 2024,All,48113,96,50 to 249,"TX, Dallas County; In 2023, the county of acquisition for the Dallas, TX case was Val Verde County."
"TX, Harris",2010 - 2024,All,48201,133,50 to 249,"TX, Harris County"
"TX, Hidalgo",2010 - 2024,All,48215,53,50 to 249,"TX, Hidalgo County"
"TX, Travis",2010 - 2024,All,48453,80,50 to 249,"TX, Travis County"
"VA, Fairfax",2010 - 2024,All,51059,85,50 to 249,"VA, Fairfax County"
"WA, King",2010 - 2024,All,53033,151,50 to 249,"WA, King County"
,2010 - 2024,All,64060,50,50 to 249,"FM, Yap"
,2010 - 2024,All,70001,72,50 to 249,"PW, Unk"
"PR, Aguas Buenas",2010 - 2024,All,72007,117,50 to 249,"PR, Aguas Buenas Municipality"
"PR, Aibonito",2010 - 2024,All,72009,138,50 to 249,"PR, Aibonito Municipality"
"PR, Barceloneta",2010 - 2024,All,72017,133,50 to 249,"PR, Barceloneta Municipality"
"PR, Barranquitas",2010 - 2024,All,72019,130,50 to 249,"PR, Barranquitas Municipality"
"PR, Cayey",2010 - 2024,All,72035,109,50 to 249,"PR, Cayey Municipality"
"PR, Ceiba",2010 - 2024,All,72037,50,50 to 249,"PR, Ceiba Municipality"
"PR, Ciales Municipality",2010 - 2024,All,72039,138,50 to 249,"PR, Ciales Municipality"
"PR, Cidra",2010 - 2024,All,72041,65,50 to 249,"PR, Cidra Municipality"
"PR, Coamo",2010 - 2024,All,72043,180,50 to 249,"PR, Coamo Municipality"
"PR, Comerio",2010 - 2024,All,72045,117,50 to 249,"PR, Comerio Municipality"
"PR, Fajardo",2010 - 2024,All,72053,229,50 to 249,"PR, Fajardo Municipality"
"PR, Florida",2010 - 2024,All,72054,114,50 to 249,"PR, Florida Municipality"
"PR, Guanica",2010 - 2024,All,72055,135,50 to 249,"PR, Guanica Municipality"
"PR, Guayanilla",2010 - 2024,All,72059,201,50 to 249,"PR, Guayanilla Municipality"
"PR, Hormigueros",2010 - 2024,All,72067,162,50 to 249,"PR, Hormigueros Municipality"
"PR, Jayuya",2010 - 2024,All,72073,158,50 to 249,"PR, Jayuya Municipality"
"PR, Lajas",2010 - 2024,All,72079,203,50 to 249,"PR, Lajas Municipality"
"PR, Las Marias",2010 - 2024,All,72083,180,50 to 249,"PR, Las Marias Municipality"
"PR, Loiza",2010 - 2024,All,72087,129,50 to 249,"PR, Loiza Municipality"
"PR, Luquillo",2010 - 2024,All,72089,118,50 to 249,"PR, Luquillo Municipality"
"PR, Maricao",2010 - 2024,All,72093,149,50 to 249,"PR, Maricao Municipality"
"PR, Maunabo",2010 - 2024,All,72095,135,50 to 249,"PR, Maunabo Municipality"
"PR, Nabuabo",2010 - 2024,All,72103,150,50 to 249,"PR, Naguabo Municipality"
"PR, Penuelas",2010 - 2024,All,72111,198,50 to 249,"PR, Penuelas Municipality"
"PR, Sabana Grande",2010 - 2024,All,72121,203,50 to 249,"PR, Sabana Grande Municipality"
"PR, Santa Isabel",2010 - 2024,All,72133,173,50 to 249,"PR, Santa Isabel Municipality"
"PR, Vega Alta",2010 - 2024,All,72143,212,50 to 249,"PR, Vega Alta Municipality"
"PR, Villalba",2010 - 2024,All,72149,243,50 to 249,"PR, Villalba Municipality"
"PR, Yabucoa",2010 - 2024,All,72151,227,50 to 249,"PR, Yabucoa Municipality"
"PR, Yauco",2010 - 2024,All,72153,236,50 to 249,"PR, Yauco Municipality"
"VI, St. John",2010 - 2024,All,78020,78,50 to 249,"VI, Saint John Island"
"VI, St. Thomas",2010 - 2024,All,78030,188,50 to 249,"VI, Saint Thomas Island"
"CA, Los Angeles",2010 - 2024,All,06037,653,250+,"CA, NA"
"CA, Santa Clara",2010 - 2024,All,06085,258,250+,"CA, NA"
"FL, Broward",2010 - 2024,All,12011,363,250+,"FL, Broward County"
"FL, Hillsborough",2010 - 2024,All,12057,254,250+,"FL, Hillsborough County"
"FL, Miami-Dade",2010 - 2024,All,12086,2379,250+,"FL, Miami-Dade County"
"HI, Hawaii",2010 - 2024,All,15001,267,250+,"HI, Hawaii County"
"IL, Cook",2010 - 2024,All,17031,270,250+,"IL, Cook County"
"NY, Bronx",2010 - 2024,All,36005,285,250+,"NY, Bronx County"
"NY, Kings",2010 - 2024,All,36047,278,250+,"NY, Kings County"
"NY, New York",2010 - 2024,All,36061,409,250+,"NY, New York County"
"NY, Queens",2010 - 2024,All,36081,296,250+,"NY, Queens County"
"AS, Eastern District",2010 - 2024,All,60010,275,250+,"AS, Eastern District"
"AS, Tutuila",2010 - 2024,All,60050,385,250+,"AS, Western District"
"PR, Adjuntas",2010 - 2024,All,72001,250,250+,"PR, Adjuntas Municipality"
"PR, Aguada",2010 - 2024,All,72003,908,250+,"PR, Aguada Municipality"
"PR, Aguadilla",2010 - 2024,All,72005,789,250+,"PR, Aguadilla Municipality"
"PR, Anasco",2010 - 2024,All,72011,509,250+,"PR, Anasco Municipality"
"PR, Arecibo",2010 - 2024,All,72013,1251,250+,"PR, Arecibo Municipality"
"PR, Arroyo",2010 - 2024,All,72015,250,250+,"PR, Arroyo Municipality"
"PR, Bayamon",2010 - 2024,All,72021,2515,250+,"PR, Bayamon Municipality"
"PR, Cabo Rojo",2010 - 2024,All,72023,632,250+,"PR, Cabo Rojo Municipality"
"PR, Caguas",2010 - 2024,All,72025,1008,250+,"PR, Caguas Municipality"
"PR, Camuy",2010 - 2024,All,72027,448,250+,"PR, Camuy Municipality"
"PR, Canovanas",2010 - 2024,All,72029,412,250+,"PR, Canovanas Municipality"
"PR, Carolina",2010 - 2024,All,72031,1982,250+,"PR, Carolina Municipality"
"PR, Catano",2010 - 2024,All,72033,385,250+,"PR, Catano Municipality"
"PR, Corozal",2010 - 2024,All,72047,380,250+,"PR, Corozal Municipality"
"PR, Dorado",2010 - 2024,All,72051,277,250+,"PR, Dorado Municipality"
"PR, Guayama",2010 - 2024,All,72057,506,250+,"PR, Guayama Municipality"
"PR, Guaynabo",2010 - 2024,All,72061,1026,250+,"PR, Guaynabo Municipality"
"PR, Gurabo",2010 - 2024,All,72063,282,250+,"PR, Gurabo Municipality"
"PR, Hatillo",2010 - 2024,All,72065,441,250+,"PR, Hatillo Municipality"
"PR, Humacao Municipality",2010 - 2024,All,72069,417,250+,"PR, Humacao Municipality"
"PR, Isabela",2010 - 2024,All,72071,635,250+,"PR, Isabela Municipality"
"PR, Juana Diaz",2010 - 2024,All,72075,337,250+,"PR, Juana Diaz Municipality"
"PR, Juncos",2010 - 2024,All,72077,425,250+,"PR, Juncos Municipality"
"PR, Lares",2010 - 2024,All,72081,691,250+,"PR, Lares Municipality"
"PR, Las Piedras",2010 - 2024,All,72085,281,250+,"PR, Las Piedras Municipality"
"PR, Manati",2010 - 2024,All,72091,359,250+,"PR, Manati Municipality"
"PR, Mayaguez",2010 - 2024,All,72097,1376,250+,"PR, Mayaguez Municipality"
"PR, Moca",2010 - 2024,All,72099,736,250+,"PR, Moca Municipality"
"PR, Morovis",2010 - 2024,All,72101,262,250+,"PR, Morovis Municipality"
"PR, Naranjito",2010 - 2024,All,72105,281,250+,"PR, Naranjito Municipality"
"PR, Orocovis",2010 - 2024,All,72107,253,250+,"PR, Orocovis Municipality"
"PR, Patillas",2010 - 2024,All,72109,561,250+,"PR, Patillas Municipality"
"PR, Ponce",2010 - 2024,All,72113,1409,250+,"PR, Ponce Municipality"
"PR, Quebradillas",2010 - 2024,All,72115,413,250+,"PR, Quebradillas Municipality"
"PR, Rincon",2010 - 2024,All,72117,749,250+,"PR, Rincon Municipality"
"PR, Rio Grande",2010 - 2024,All,72119,359,250+,"PR, Rio Grande Municipality"
"PR, Salinas",2010 - 2024,All,72123,325,250+,"PR, Salinas Municipality"
"PR, San German",2010 - 2024,All,72125,333,250+,"PR, San German Municipality"
"PR, San Juan",2010 - 2024,All,72127,5494,250+,"PR, San Juan Municipality"
"PR, San Lorenzo",2010 - 2024,All,72129,262,250+,"PR, San Lorenzo Municipality"
"PR, San Sabastian",2010 - 2024,All,72131,817,250+,"PR, San Sebastian Municipality"
"PR, Toa Alta",2010 - 2024,All,72135,652,250+,"PR, Toa Alta Municipality"
"PR, Toa Baja",2010 - 2024,All,72137,812,250+,"PR, Toa Baja Municipality"
"PR, Trujillo Alto",2010 - 2024,All,72139,846,250+,"PR, Trujillo Alto Municipality"
"PR, Utuado",2010 - 2024,All,72141,415,250+,"PR, Utuado Municipality"
"PR, Vega Baja",2010 - 2024,All,72145,501,250+,"PR, Vega Baja Municipality"
"VI, St. Croix",2010 - 2024,All,78010,303,250+,"VI, Saint Croix Island"