location,travel_status,cases,years_combined,disease,level
"AL, Autauga",All,1 to 4,2010 - 2024,Dengue,county
"AL, Baldwin",All,1 to 4,2010 - 2024,Dengue,county
"AL, Chilton",All,1 to 4,2010 - 2024,Dengue,county
"AL, Elmore",All,1 to 4,2010 - 2024,Dengue,county
"AL, Franklin",All,1 to 4,2010 - 2024,Dengue,county
"AL, Houston",All,1 to 4,2010 - 2024,Dengue,county
"AL, Lauderdale",All,1 to 4,2010 - 2024,Dengue,county
"AL, Lawrence",All,1 to 4,2010 - 2024,Dengue,county
"AL, Marshall",All,1 to 4,2010 - 2024,Dengue,county
"AL, Mobile",All,1 to 4,2010 - 2024,Dengue,county
"AL, Morgan",All,1 to 4,2010 - 2024,Dengue,county
"AL, Pike",All,1 to 4,2010 - 2024,Dengue,county
"AL, Shelby",All,1 to 4,2010 - 2024,Dengue,county
"AL, Tuscaloosa",All,1 to 4,2010 - 2024,Dengue,county
"AK, Fairbanks North Star Borough",All,1 to 4,2010 - 2024,Dengue,county
"AK, Matanuska-Susitna Borough",All,1 to 4,2010 - 2024,Dengue,county
"AZ, Cochise",All,1 to 4,2010 - 2024,Dengue,county
"AZ, Gila",All,1 to 4,2010 - 2024,Dengue,county
"AZ, La Paz",All,1 to 4,2010 - 2024,Dengue,county
"AZ, Mohave",All,1 to 4,2010 - 2024,Dengue,county
"AZ, Santa Cruz",All,1 to 4,2010 - 2024,Dengue,county
"AZ, Yavapai",All,1 to 4,2010 - 2024,Dengue,county
"AR, Chicot",All,1 to 4,2010 - 2024,Dengue,county
"AR, Clark",All,1 to 4,2010 - 2024,Dengue,county
"AR, Crawford",All,1 to 4,2010 - 2024,Dengue,county
"AR, Greene",All,1 to 4,2010 - 2024,Dengue,county
"AR, Madison",All,1 to 4,2010 - 2024,Dengue,county
"AR, Mississippi",All,1 to 4,2010 - 2024,Dengue,county
"AR, Pope",All,1 to 4,2010 - 2024,Dengue,county
"AR, Saline",All,1 to 4,2010 - 2024,Dengue,county
"AR, Sebastian",All,1 to 4,2010 - 2024,Dengue,county
"AR, Sevier",All,1 to 4,2010 - 2024,Dengue,county
"AR, Union",All,1 to 4,2010 - 2024,Dengue,county
"CA, Amador",All,1 to 4,2010 - 2024,Dengue,county
"CA, Colusa",All,1 to 4,2010 - 2024,Dengue,county
"CA, Humboldt",All,1 to 4,2010 - 2024,Dengue,county
"CA, Lake",All,1 to 4,2010 - 2024,Dengue,county
"CA, Madera",All,1 to 4,2010 - 2024,Dengue,county
"CA, Mendocino",All,1 to 4,2010 - 2024,Dengue,county
"CA, Merced",All,1 to 4,2010 - 2024,Dengue,county
"CA, Mono",All,1 to 4,2010 - 2024,Dengue,county
"CA, Nevada",All,1 to 4,2010 - 2024,Dengue,county
"CA, Shasta",All,1 to 4,2010 - 2024,Dengue,county
"CA, Sutter",All,1 to 4,2010 - 2024,Dengue,county
"CA, Tehama",All,1 to 4,2010 - 2024,Dengue,county
"CA, Tuolumne",All,1 to 4,2010 - 2024,Dengue,county
"CA, Yuba",All,1 to 4,2010 - 2024,Dengue,county
"CO, Archuleta",All,1 to 4,2010 - 2024,Dengue,county
"CO, Broomfield",All,1 to 4,2010 - 2024,Dengue,county
"CO, Gunnison",All,1 to 4,2010 - 2024,Dengue,county
"CO, La Plata",All,1 to 4,2010 - 2024,Dengue,county
"CO, Mesa",All,1 to 4,2010 - 2024,Dengue,county
"CO, Morgan",All,1 to 4,2010 - 2024,Dengue,county
"CO, Pitkin",All,1 to 4,2010 - 2024,Dengue,county
"CO, Routt",All,1 to 4,2010 - 2024,Dengue,county
"CO, San Miguel",All,1 to 4,2010 - 2024,Dengue,county
"CO, Summit",All,1 to 4,2010 - 2024,Dengue,county
"CT, Litchfield",All,1 to 4,2010 - 2024,Dengue,county
"CT, Middlesex",All,1 to 4,2010 - 2024,Dengue,county
"CT, Tolland",All,1 to 4,2010 - 2024,Dengue,county
"CT, Windham",All,1 to 4,2010 - 2024,Dengue,county
"CT, Lower Connecticut River Valley",All,1 to 4,2010 - 2024,Dengue,county
"CT, Naugatuck Valley",All,1 to 4,2010 - 2024,Dengue,county
"CT, Northwest Hills",All,1 to 4,2010 - 2024,Dengue,county
"CT, Southeastern Connecticut",All,1 to 4,2010 - 2024,Dengue,county
"DE, Kent",All,1 to 4,2010 - 2024,Dengue,county
"DE, Sussex",All,1 to 4,2010 - 2024,Dengue,county
"FL, Bay",All,1 to 4,2010 - 2024,Dengue,county
"FL, Citrus",All,1 to 4,2010 - 2024,Dengue,county
"FL, Columbia",All,1 to 4,2010 - 2024,Dengue,county
"FL, De Soto",All,1 to 4,2010 - 2024,Dengue,county
"FL, Gulf",All,1 to 4,2010 - 2024,Dengue,county
"FL, Highlands",All,1 to 4,2010 - 2024,Dengue,county
"FL, Lafayette",All,1 to 4,2010 - 2024,Dengue,county
"FL, Leon",All,1 to 4,2010 - 2024,Dengue,county
"FL, Levy",All,1 to 4,2010 - 2024,Dengue,county
"FL, Nassau",All,1 to 4,2010 - 2024,Dengue,county
"FL, Okaloosa",All,1 to 4,2010 - 2024,Dengue,county
"FL, Okeechobee",All,1 to 4,2010 - 2024,Dengue,county
"FL, Putnam",All,1 to 4,2010 - 2024,Dengue,county
"FL, Suwannee",All,1 to 4,2010 - 2024,Dengue,county
"FL, Washington",All,1 to 4,2010 - 2024,Dengue,county
"GA, Baldwin",All,1 to 4,2010 - 2024,Dengue,county
"GA, Barrow",All,1 to 4,2010 - 2024,Dengue,county
"GA, Bryan",All,1 to 4,2010 - 2024,Dengue,county
"GA, Bulloch",All,1 to 4,2010 - 2024,Dengue,county
"GA, Carroll",All,1 to 4,2010 - 2024,Dengue,county
"GA, Chatham",All,1 to 4,2010 - 2024,Dengue,county
"GA, Cherokee",All,1 to 4,2010 - 2024,Dengue,county
"GA, Clarke",All,1 to 4,2010 - 2024,Dengue,county
"GA, Clayton",All,1 to 4,2010 - 2024,Dengue,county
"GA, Columbia",All,1 to 4,2010 - 2024,Dengue,county
"GA, Coweta",All,1 to 4,2010 - 2024,Dengue,county
"GA, Douglas",All,1 to 4,2010 - 2024,Dengue,county
"GA, Effingham",All,1 to 4,2010 - 2024,Dengue,county
"GA, Fannin",All,1 to 4,2010 - 2024,Dengue,county
"GA, Fayette",All,1 to 4,2010 - 2024,Dengue,county
"GA, Glynn",All,1 to 4,2010 - 2024,Dengue,county
"GA, Gordon",All,1 to 4,2010 - 2024,Dengue,county
"GA, Hall",All,1 to 4,2010 - 2024,Dengue,county
"GA, Henry",All,1 to 4,2010 - 2024,Dengue,county
"GA, Houston",All,1 to 4,2010 - 2024,Dengue,county
"GA, Lowndes",All,1 to 4,2010 - 2024,Dengue,county
"GA, Lumpkin",All,1 to 4,2010 - 2024,Dengue,county
"GA, Morgan",All,1 to 4,2010 - 2024,Dengue,county
"GA, Muscogee",All,1 to 4,2010 - 2024,Dengue,county
"GA, Newton",All,1 to 4,2010 - 2024,Dengue,county
"GA, Oconee",All,1 to 4,2010 - 2024,Dengue,county
"GA, Paulding",All,1 to 4,2010 - 2024,Dengue,county
"GA, Richmond",All,1 to 4,2010 - 2024,Dengue,county
"GA, Rockdale",All,1 to 4,2010 - 2024,Dengue,county
"GA, Schley",All,1 to 4,2010 - 2024,Dengue,county
"GA, Walton",All,1 to 4,2010 - 2024,Dengue,county
"GA, Whitfield",All,1 to 4,2010 - 2024,Dengue,county
"ID, Blaine",All,1 to 4,2010 - 2024,Dengue,county
"ID, Bonner",All,1 to 4,2010 - 2024,Dengue,county
"ID, Bonneville",All,1 to 4,2010 - 2024,Dengue,county
"ID, Boundary",All,1 to 4,2010 - 2024,Dengue,county
"ID, Jefferson",All,1 to 4,2010 - 2024,Dengue,county
"ID, Minidoka",All,1 to 4,2010 - 2024,Dengue,county
"ID, Owyhee",All,1 to 4,2010 - 2024,Dengue,county
"ID, Shoshone",All,1 to 4,2010 - 2024,Dengue,county
"ID, Teton",All,1 to 4,2010 - 2024,Dengue,county
"IL, Bureau",All,1 to 4,2010 - 2024,Dengue,county
"IL, Carroll",All,1 to 4,2010 - 2024,Dengue,county
"IL, Fayette",All,1 to 4,2010 - 2024,Dengue,county
"IL, Grundy",All,1 to 4,2010 - 2024,Dengue,county
"IL, Jackson",All,1 to 4,2010 - 2024,Dengue,county
"IL, Johnson",All,1 to 4,2010 - 2024,Dengue,county
"IL, Knox",All,1 to 4,2010 - 2024,Dengue,county
"IL, La Salle",All,1 to 4,2010 - 2024,Dengue,county
"IL, Mclean",All,1 to 4,2010 - 2024,Dengue,county
"IL, Macon",All,1 to 4,2010 - 2024,Dengue,county
"IL, Madison",All,1 to 4,2010 - 2024,Dengue,county
"IL, Moultrie",All,1 to 4,2010 - 2024,Dengue,county
"IL, Ogle",All,1 to 4,2010 - 2024,Dengue,county
"IL, Peoria",All,1 to 4,2010 - 2024,Dengue,county
"IL, Randolph",All,1 to 4,2010 - 2024,Dengue,county
"IL, St Clair",All,1 to 4,2010 - 2024,Dengue,county
"IL, Sangamon",All,1 to 4,2010 - 2024,Dengue,county
"IL, Shelby",All,1 to 4,2010 - 2024,Dengue,county
"IL, Wabash",All,1 to 4,2010 - 2024,Dengue,county
"IL, Winnebago",All,1 to 4,2010 - 2024,Dengue,county
"IN, Allen",All,1 to 4,2010 - 2024,Dengue,county
"IN, Bartholomew",All,1 to 4,2010 - 2024,Dengue,county
"IN, Boone",All,1 to 4,2010 - 2024,Dengue,county
"IN, Brown",All,1 to 4,2010 - 2024,Dengue,county
"IN, Clark",All,1 to 4,2010 - 2024,Dengue,county
"IN, Dearborn",All,1 to 4,2010 - 2024,Dengue,county
"IN, Delaware",All,1 to 4,2010 - 2024,Dengue,county
"IN, Elkhart",All,1 to 4,2010 - 2024,Dengue,county
"IN, Fulton",All,1 to 4,2010 - 2024,Dengue,county
"IN, Greene",All,1 to 4,2010 - 2024,Dengue,county
"IN, Hancock",All,1 to 4,2010 - 2024,Dengue,county
"IN, Hendricks",All,1 to 4,2010 - 2024,Dengue,county
"IN, Howard",All,1 to 4,2010 - 2024,Dengue,county
"IN, Huntington",All,1 to 4,2010 - 2024,Dengue,county
"IN, Knox",All,1 to 4,2010 - 2024,Dengue,county
"IN, Kosciusko",All,1 to 4,2010 - 2024,Dengue,county
"IN, La Grange",All,1 to 4,2010 - 2024,Dengue,county
"IN, Lake",All,1 to 4,2010 - 2024,Dengue,county
"IN, La Porte",All,1 to 4,2010 - 2024,Dengue,county
"IN, Lawrence",All,1 to 4,2010 - 2024,Dengue,county
"IN, Madison",All,1 to 4,2010 - 2024,Dengue,county
"IN, Monroe",All,1 to 4,2010 - 2024,Dengue,county
"IN, Morgan",All,1 to 4,2010 - 2024,Dengue,county
"IN, Porter",All,1 to 4,2010 - 2024,Dengue,county
"IN, Pulaski",All,1 to 4,2010 - 2024,Dengue,county
"IN, Vanderburgh",All,1 to 4,2010 - 2024,Dengue,county
"IN, Vigo",All,1 to 4,2010 - 2024,Dengue,county
"IN, Wells",All,1 to 4,2010 - 2024,Dengue,county
"IN, White",All,1 to 4,2010 - 2024,Dengue,county
"IA, Black Hawk",All,1 to 4,2010 - 2024,Dengue,county
"IA, Buchanan",All,1 to 4,2010 - 2024,Dengue,county
"IA, Buena Vista",All,1 to 4,2010 - 2024,Dengue,county
"IA, Carroll",All,1 to 4,2010 - 2024,Dengue,county
"IA, Cerro Gordo",All,1 to 4,2010 - 2024,Dengue,county
"IA, Clayton",All,1 to 4,2010 - 2024,Dengue,county
"IA, Clinton",All,1 to 4,2010 - 2024,Dengue,county
"IA, Crawford",All,1 to 4,2010 - 2024,Dengue,county
"IA, Des Moines",All,1 to 4,2010 - 2024,Dengue,county
"IA, Fayette",All,1 to 4,2010 - 2024,Dengue,county
"IA, Grundy",All,1 to 4,2010 - 2024,Dengue,county
"IA, Hamilton",All,1 to 4,2010 - 2024,Dengue,county
"IA, Hardin",All,1 to 4,2010 - 2024,Dengue,county
"IA, Harrison",All,1 to 4,2010 - 2024,Dengue,county
"IA, Jefferson",All,1 to 4,2010 - 2024,Dengue,county
"IA, Marshall",All,1 to 4,2010 - 2024,Dengue,county
"IA, Muscatine",All,1 to 4,2010 - 2024,Dengue,county
"IA, Pottawattamie",All,1 to 4,2010 - 2024,Dengue,county
"IA, Poweshiek",All,1 to 4,2010 - 2024,Dengue,county
"IA, Scott",All,1 to 4,2010 - 2024,Dengue,county
"IA, Webster",All,1 to 4,2010 - 2024,Dengue,county
"IA, Winneshiek",All,1 to 4,2010 - 2024,Dengue,county
"IA, Woodbury",All,1 to 4,2010 - 2024,Dengue,county
"IA, Wright",All,1 to 4,2010 - 2024,Dengue,county
"KS, Barton",All,1 to 4,2010 - 2024,Dengue,county
"KS, Cowley",All,1 to 4,2010 - 2024,Dengue,county
"KS, Ford",All,1 to 4,2010 - 2024,Dengue,county
"KS, Geary",All,1 to 4,2010 - 2024,Dengue,county
"KS, Greenwood",All,1 to 4,2010 - 2024,Dengue,county
"KS, Harvey",All,1 to 4,2010 - 2024,Dengue,county
"KS, Leavenworth",All,1 to 4,2010 - 2024,Dengue,county
"KS, Lyon",All,1 to 4,2010 - 2024,Dengue,county
"KS, Mcpherson",All,1 to 4,2010 - 2024,Dengue,county
"KS, Marion",All,1 to 4,2010 - 2024,Dengue,county
"KS, Reno",All,1 to 4,2010 - 2024,Dengue,county
"KS, Riley",All,1 to 4,2010 - 2024,Dengue,county
"KS, Shawnee",All,1 to 4,2010 - 2024,Dengue,county
"KY, Boone",All,1 to 4,2010 - 2024,Dengue,county
"KY, Bullitt",All,1 to 4,2010 - 2024,Dengue,county
"KY, Campbell",All,1 to 4,2010 - 2024,Dengue,county
"KY, Fayette",All,1 to 4,2010 - 2024,Dengue,county
"KY, Hardin",All,1 to 4,2010 - 2024,Dengue,county
"KY, Henry",All,1 to 4,2010 - 2024,Dengue,county
"KY, Hopkins",All,1 to 4,2010 - 2024,Dengue,county
"KY, Jessamine",All,1 to 4,2010 - 2024,Dengue,county
"KY, Kenton",All,1 to 4,2010 - 2024,Dengue,county
"KY, Livingston",All,1 to 4,2010 - 2024,Dengue,county
"KY, Mccracken",All,1 to 4,2010 - 2024,Dengue,county
"KY, Pike",All,1 to 4,2010 - 2024,Dengue,county
"KY, Powell",All,1 to 4,2010 - 2024,Dengue,county
"KY, Shelby",All,1 to 4,2010 - 2024,Dengue,county
"KY, Spencer",All,1 to 4,2010 - 2024,Dengue,county
"KY, Warren",All,1 to 4,2010 - 2024,Dengue,county
"LA, Ascension Parish",All,1 to 4,2010 - 2024,Dengue,county
"LA, Beauregard Parish",All,1 to 4,2010 - 2024,Dengue,county
"LA, Bossier Parish",All,1 to 4,2010 - 2024,Dengue,county
"LA, Caddo Parish",All,1 to 4,2010 - 2024,Dengue,county
"LA, Evangeline Parish",All,1 to 4,2010 - 2024,Dengue,county
"LA, Iberville Parish",All,1 to 4,2010 - 2024,Dengue,county
"LA, Jefferson Davis Parish",All,1 to 4,2010 - 2024,Dengue,county
"LA, Lincoln Parish",All,1 to 4,2010 - 2024,Dengue,county
"LA, Livingston Parish",All,1 to 4,2010 - 2024,Dengue,county
"LA, Rapides Parish",All,1 to 4,2010 - 2024,Dengue,county
"LA, St John The Baptist Parish",All,1 to 4,2010 - 2024,Dengue,county
"LA, St Landry Parish",All,1 to 4,2010 - 2024,Dengue,county
"LA, St Martin Parish",All,1 to 4,2010 - 2024,Dengue,county
"LA, St Mary Parish",All,1 to 4,2010 - 2024,Dengue,county
"LA, Tangipahoa Parish",All,1 to 4,2010 - 2024,Dengue,county
"LA, Vermilion Parish",All,1 to 4,2010 - 2024,Dengue,county
"ME, Androscoggin",All,1 to 4,2010 - 2024,Dengue,county
"ME, Franklin",All,1 to 4,2010 - 2024,Dengue,county
"ME, Hancock",All,1 to 4,2010 - 2024,Dengue,county
"ME, Kennebec",All,1 to 4,2010 - 2024,Dengue,county
"ME, Lincoln",All,1 to 4,2010 - 2024,Dengue,county
"ME, Waldo",All,1 to 4,2010 - 2024,Dengue,county
"ME, York",All,1 to 4,2010 - 2024,Dengue,county
"MD, Calvert",All,1 to 4,2010 - 2024,Dengue,county
"MD, Caroline",All,1 to 4,2010 - 2024,Dengue,county
"MD, Carroll",All,1 to 4,2010 - 2024,Dengue,county
"MD, Charles",All,1 to 4,2010 - 2024,Dengue,county
"MD, Harford",All,1 to 4,2010 - 2024,Dengue,county
"MD, Queen Annes",All,1 to 4,2010 - 2024,Dengue,county
"MD, St Marys",All,1 to 4,2010 - 2024,Dengue,county
"MD, Somerset",All,1 to 4,2010 - 2024,Dengue,county
"MD, Talbot",All,1 to 4,2010 - 2024,Dengue,county
"MD, Wicomico",All,1 to 4,2010 - 2024,Dengue,county
"MD, Worcester",All,1 to 4,2010 - 2024,Dengue,county
"MA, Barnstable",All,1 to 4,2010 - 2024,Dengue,county
"MA, Berkshire",All,1 to 4,2010 - 2024,Dengue,county
"MA, Dukes",All,1 to 4,2010 - 2024,Dengue,county
"MA, Franklin",All,1 to 4,2010 - 2024,Dengue,county
"MA, Hampden",All,1 to 4,2010 - 2024,Dengue,county
"MA, Hampshire",All,1 to 4,2010 - 2024,Dengue,county
"MI, Allegan",All,1 to 4,2010 - 2024,Dengue,county
"MI, Alpena",All,1 to 4,2010 - 2024,Dengue,county
"MI, Benzie",All,1 to 4,2010 - 2024,Dengue,county
"MI, Berrien",All,1 to 4,2010 - 2024,Dengue,county
"MI, Branch",All,1 to 4,2010 - 2024,Dengue,county
"MI, Calhoun",All,1 to 4,2010 - 2024,Dengue,county
"MI, Clinton",All,1 to 4,2010 - 2024,Dengue,county
"MI, Eaton",All,1 to 4,2010 - 2024,Dengue,county
"MI, Genesee",All,1 to 4,2010 - 2024,Dengue,county
"MI, Gladwin",All,1 to 4,2010 - 2024,Dengue,county
"MI, Gratiot",All,1 to 4,2010 - 2024,Dengue,county
"MI, Houghton",All,1 to 4,2010 - 2024,Dengue,county
"MI, Ionia",All,1 to 4,2010 - 2024,Dengue,county
"MI, Jackson",All,1 to 4,2010 - 2024,Dengue,county
"MI, Kalamazoo",All,1 to 4,2010 - 2024,Dengue,county
"MI, Leelanau",All,1 to 4,2010 - 2024,Dengue,county
"MI, Midland",All,1 to 4,2010 - 2024,Dengue,county
"MI, Muskegon",All,1 to 4,2010 - 2024,Dengue,county
"MI, Saginaw",All,1 to 4,2010 - 2024,Dengue,county
"MI, St Clair",All,1 to 4,2010 - 2024,Dengue,county
"MI, Van Buren",All,1 to 4,2010 - 2024,Dengue,county
"MI, Wexford",All,1 to 4,2010 - 2024,Dengue,county
"MN, Carver",All,1 to 4,2010 - 2024,Dengue,county
"MN, Cass",All,1 to 4,2010 - 2024,Dengue,county
"MN, Crow Wing",All,1 to 4,2010 - 2024,Dengue,county
"MN, Dodge",All,1 to 4,2010 - 2024,Dengue,county
"MN, Freeborn",All,1 to 4,2010 - 2024,Dengue,county
"MN, Goodhue",All,1 to 4,2010 - 2024,Dengue,county
"MN, Hubbard",All,1 to 4,2010 - 2024,Dengue,county
"MN, Itasca",All,1 to 4,2010 - 2024,Dengue,county
"MN, Kandiyohi",All,1 to 4,2010 - 2024,Dengue,county
"MN, Lyon",All,1 to 4,2010 - 2024,Dengue,county
"MN, Morrison",All,1 to 4,2010 - 2024,Dengue,county
"MN, Pope",All,1 to 4,2010 - 2024,Dengue,county
"MN, Rice",All,1 to 4,2010 - 2024,Dengue,county
"MN, St Louis",All,1 to 4,2010 - 2024,Dengue,county
"MN, Sherburne",All,1 to 4,2010 - 2024,Dengue,county
"MN, Sibley",All,1 to 4,2010 - 2024,Dengue,county
"MN, Stearns",All,1 to 4,2010 - 2024,Dengue,county
"MN, Swift",All,1 to 4,2010 - 2024,Dengue,county
"MN, Wright",All,1 to 4,2010 - 2024,Dengue,county
"MS, Forrest",All,1 to 4,2010 - 2024,Dengue,county
"MS, Hancock",All,1 to 4,2010 - 2024,Dengue,county
"MS, Harrison",All,1 to 4,2010 - 2024,Dengue,county
"MS, Jackson",All,1 to 4,2010 - 2024,Dengue,county
"MS, Lamar",All,1 to 4,2010 - 2024,Dengue,county
"MS, Lee",All,1 to 4,2010 - 2024,Dengue,county
"MS, Oktibbeha",All,1 to 4,2010 - 2024,Dengue,county
"MS, Tallahatchie",All,1 to 4,2010 - 2024,Dengue,county
"MS, Warren",All,1 to 4,2010 - 2024,Dengue,county
"MO, Adair",All,1 to 4,2010 - 2024,Dengue,county
"MO, Barry",All,1 to 4,2010 - 2024,Dengue,county
"MO, Boone",All,1 to 4,2010 - 2024,Dengue,county
"MO, Buchanan",All,1 to 4,2010 - 2024,Dengue,county
"MO, Callaway",All,1 to 4,2010 - 2024,Dengue,county
"MO, Cape Girardeau",All,1 to 4,2010 - 2024,Dengue,county
"MO, Christian",All,1 to 4,2010 - 2024,Dengue,county
"MO, Clay",All,1 to 4,2010 - 2024,Dengue,county
"MO, Cole",All,1 to 4,2010 - 2024,Dengue,county
"MO, Dallas",All,1 to 4,2010 - 2024,Dengue,county
"MO, Greene",All,1 to 4,2010 - 2024,Dengue,county
"MO, Jasper",All,1 to 4,2010 - 2024,Dengue,county
"MO, Jefferson",All,1 to 4,2010 - 2024,Dengue,county
"MO, Johnson",All,1 to 4,2010 - 2024,Dengue,county
"MO, Newton",All,1 to 4,2010 - 2024,Dengue,county
"MO, Platte",All,1 to 4,2010 - 2024,Dengue,county
"MO, Polk",All,1 to 4,2010 - 2024,Dengue,county
"MO, Saline",All,1 to 4,2010 - 2024,Dengue,county
"MT, Cascade",All,1 to 4,2010 - 2024,Dengue,county
"MT, Deer Lodge",All,1 to 4,2010 - 2024,Dengue,county
"MT, Flathead",All,1 to 4,2010 - 2024,Dengue,county
"MT, Lake",All,1 to 4,2010 - 2024,Dengue,county
"MT, Lewis And Clark",All,1 to 4,2010 - 2024,Dengue,county
"MT, Ravalli",All,1 to 4,2010 - 2024,Dengue,county
"MT, Teton",All,1 to 4,2010 - 2024,Dengue,county
"NE, Adams",All,1 to 4,2010 - 2024,Dengue,county
"NE, Colfax",All,1 to 4,2010 - 2024,Dengue,county
"NE, Dawson",All,1 to 4,2010 - 2024,Dengue,county
"NE, Hall",All,1 to 4,2010 - 2024,Dengue,county
"NE, Lincoln",All,1 to 4,2010 - 2024,Dengue,county
"NE, Madison",All,1 to 4,2010 - 2024,Dengue,county
"NE, Platte",All,1 to 4,2010 - 2024,Dengue,county
"NE, Saline",All,1 to 4,2010 - 2024,Dengue,county
"NE, Sarpy",All,1 to 4,2010 - 2024,Dengue,county
"NV, Douglas",All,1 to 4,2010 - 2024,Dengue,county
"NV, Lander",All,1 to 4,2010 - 2024,Dengue,county
"NH, Carroll",All,1 to 4,2010 - 2024,Dengue,county
"NH, Grafton",All,1 to 4,2010 - 2024,Dengue,county
"NH, Merrimack",All,1 to 4,2010 - 2024,Dengue,county
"NH, Strafford",All,1 to 4,2010 - 2024,Dengue,county
"NH, Sullivan",All,1 to 4,2010 - 2024,Dengue,county
"NJ, Cape May",All,1 to 4,2010 - 2024,Dengue,county
"NM, Chaves",All,1 to 4,2010 - 2024,Dengue,county
"NM, Dona Ana",All,1 to 4,2010 - 2024,Dengue,county
"NM, Grant",All,1 to 4,2010 - 2024,Dengue,county
"NM, Lea",All,1 to 4,2010 - 2024,Dengue,county
"NM, Los Alamos",All,1 to 4,2010 - 2024,Dengue,county
"NM, Sandoval",All,1 to 4,2010 - 2024,Dengue,county
"NY, Allegany",All,1 to 4,2010 - 2024,Dengue,county
"NY, Broome",All,1 to 4,2010 - 2024,Dengue,county
"NY, Cayuga",All,1 to 4,2010 - 2024,Dengue,county
"NY, Chenango",All,1 to 4,2010 - 2024,Dengue,county
"NY, Clinton",All,1 to 4,2010 - 2024,Dengue,county
"NY, Columbia",All,1 to 4,2010 - 2024,Dengue,county
"NY, Fulton",All,1 to 4,2010 - 2024,Dengue,county
"NY, Herkimer",All,1 to 4,2010 - 2024,Dengue,county
"NY, Lewis",All,1 to 4,2010 - 2024,Dengue,county
"NY, Livingston",All,1 to 4,2010 - 2024,Dengue,county
"NY, Madison",All,1 to 4,2010 - 2024,Dengue,county
"NY, Niagara",All,1 to 4,2010 - 2024,Dengue,county
"NY, Oneida",All,1 to 4,2010 - 2024,Dengue,county
"NY, Ontario",All,1 to 4,2010 - 2024,Dengue,county
"NY, Oswego",All,1 to 4,2010 - 2024,Dengue,county
"NY, Otsego",All,1 to 4,2010 - 2024,Dengue,county
"NY, Rensselaer",All,1 to 4,2010 - 2024,Dengue,county
"NY, St Lawrence",All,1 to 4,2010 - 2024,Dengue,county
"NY, Saratoga",All,1 to 4,2010 - 2024,Dengue,county
"NY, Schenectady",All,1 to 4,2010 - 2024,Dengue,county
"NY, Schuyler",All,1 to 4,2010 - 2024,Dengue,county
"NY, Steuben",All,1 to 4,2010 - 2024,Dengue,county
"NY, Sullivan",All,1 to 4,2010 - 2024,Dengue,county
"NY, Wayne",All,1 to 4,2010 - 2024,Dengue,county
"NY, Yates",All,1 to 4,2010 - 2024,Dengue,county
"NC, Beaufort",All,1 to 4,2010 - 2024,Dengue,county
"NC, Bladen",All,1 to 4,2010 - 2024,Dengue,county
"NC, Brunswick",All,1 to 4,2010 - 2024,Dengue,county
"NC, Cabarrus",All,1 to 4,2010 - 2024,Dengue,county
"NC, Caldwell",All,1 to 4,2010 - 2024,Dengue,county
"NC, Carteret",All,1 to 4,2010 - 2024,Dengue,county
"NC, Catawba",All,1 to 4,2010 - 2024,Dengue,county
"NC, Chatham",All,1 to 4,2010 - 2024,Dengue,county
"NC, Cleveland",All,1 to 4,2010 - 2024,Dengue,county
"NC, Columbus",All,1 to 4,2010 - 2024,Dengue,county
"NC, Craven",All,1 to 4,2010 - 2024,Dengue,county
"NC, Dare",All,1 to 4,2010 - 2024,Dengue,county
"NC, Davie",All,1 to 4,2010 - 2024,Dengue,county
"NC, Gaston",All,1 to 4,2010 - 2024,Dengue,county
"NC, Greene",All,1 to 4,2010 - 2024,Dengue,county
"NC, Harnett",All,1 to 4,2010 - 2024,Dengue,county
"NC, Henderson",All,1 to 4,2010 - 2024,Dengue,county
"NC, Iredell",All,1 to 4,2010 - 2024,Dengue,county
"NC, Jackson",All,1 to 4,2010 - 2024,Dengue,county
"NC, Lee",All,1 to 4,2010 - 2024,Dengue,county
"NC, Lincoln",All,1 to 4,2010 - 2024,Dengue,county
"NC, Nash",All,1 to 4,2010 - 2024,Dengue,county
"NC, Onslow",All,1 to 4,2010 - 2024,Dengue,county
"NC, Person",All,1 to 4,2010 - 2024,Dengue,county
"NC, Pitt",All,1 to 4,2010 - 2024,Dengue,county
"NC, Randolph",All,1 to 4,2010 - 2024,Dengue,county
"NC, Richmond",All,1 to 4,2010 - 2024,Dengue,county
"NC, Robeson",All,1 to 4,2010 - 2024,Dengue,county
"NC, Stanly",All,1 to 4,2010 - 2024,Dengue,county
"NC, Stokes",All,1 to 4,2010 - 2024,Dengue,county
"NC, Transylvania",All,1 to 4,2010 - 2024,Dengue,county
"NC, Tyrrell",All,1 to 4,2010 - 2024,Dengue,county
"NC, Wayne",All,1 to 4,2010 - 2024,Dengue,county
"NC, Wilkes",All,1 to 4,2010 - 2024,Dengue,county
"NC, Wilson",All,1 to 4,2010 - 2024,Dengue,county
"ND, Cass",All,1 to 4,2010 - 2024,Dengue,county
"ND, Grand Forks",All,1 to 4,2010 - 2024,Dengue,county
"ND, Logan",All,1 to 4,2010 - 2024,Dengue,county
"ND, Morton",All,1 to 4,2010 - 2024,Dengue,county
"ND, Stark",All,1 to 4,2010 - 2024,Dengue,county
"OH, Belmont",All,1 to 4,2010 - 2024,Dengue,county
"OH, Clark",All,1 to 4,2010 - 2024,Dengue,county
"OH, Clermont",All,1 to 4,2010 - 2024,Dengue,county
"OH, Defiance",All,1 to 4,2010 - 2024,Dengue,county
"OH, Delaware",All,1 to 4,2010 - 2024,Dengue,county
"OH, Fairfield",All,1 to 4,2010 - 2024,Dengue,county
"OH, Fayette",All,1 to 4,2010 - 2024,Dengue,county
"OH, Fulton",All,1 to 4,2010 - 2024,Dengue,county
"OH, Geauga",All,1 to 4,2010 - 2024,Dengue,county
"OH, Greene",All,1 to 4,2010 - 2024,Dengue,county
"OH, Hancock",All,1 to 4,2010 - 2024,Dengue,county
"OH, Knox",All,1 to 4,2010 - 2024,Dengue,county
"OH, Licking",All,1 to 4,2010 - 2024,Dengue,county
"OH, Logan",All,1 to 4,2010 - 2024,Dengue,county
"OH, Lucas",All,1 to 4,2010 - 2024,Dengue,county
"OH, Madison",All,1 to 4,2010 - 2024,Dengue,county
"OH, Medina",All,1 to 4,2010 - 2024,Dengue,county
"OH, Portage",All,1 to 4,2010 - 2024,Dengue,county
"OH, Richland",All,1 to 4,2010 - 2024,Dengue,county
"OH, Ross",All,1 to 4,2010 - 2024,Dengue,county
"OH, Scioto",All,1 to 4,2010 - 2024,Dengue,county
"OH, Seneca",All,1 to 4,2010 - 2024,Dengue,county
"OH, Stark",All,1 to 4,2010 - 2024,Dengue,county
"OH, Trumbull",All,1 to 4,2010 - 2024,Dengue,county
"OH, Tuscarawas",All,1 to 4,2010 - 2024,Dengue,county
"OH, Union",All,1 to 4,2010 - 2024,Dengue,county
"OH, Warren",All,1 to 4,2010 - 2024,Dengue,county
"OH, Williams",All,1 to 4,2010 - 2024,Dengue,county
"OH, Wyandot",All,1 to 4,2010 - 2024,Dengue,county
"OK, Canadian",All,1 to 4,2010 - 2024,Dengue,county
"OK, Carter",All,1 to 4,2010 - 2024,Dengue,county
"OK, Cherokee",All,1 to 4,2010 - 2024,Dengue,county
"OK, Cleveland",All,1 to 4,2010 - 2024,Dengue,county
"OK, Comanche",All,1 to 4,2010 - 2024,Dengue,county
"OK, Garfield",All,1 to 4,2010 - 2024,Dengue,county
"OK, Lincoln",All,1 to 4,2010 - 2024,Dengue,county
"OK, Mcclain",All,1 to 4,2010 - 2024,Dengue,county
"OK, Pontotoc",All,1 to 4,2010 - 2024,Dengue,county
"OK, Rogers",All,1 to 4,2010 - 2024,Dengue,county
"OK, Stephens",All,1 to 4,2010 - 2024,Dengue,county
"OK, Washington",All,1 to 4,2010 - 2024,Dengue,county
"OR, Benton",All,1 to 4,2010 - 2024,Dengue,county
"OR, Clatsop",All,1 to 4,2010 - 2024,Dengue,county
"OR, Coos",All,1 to 4,2010 - 2024,Dengue,county
"OR, Douglas",All,1 to 4,2010 - 2024,Dengue,county
"OR, Hood River",All,1 to 4,2010 - 2024,Dengue,county
"OR, Klamath",All,1 to 4,2010 - 2024,Dengue,county
"OR, Lake",All,1 to 4,2010 - 2024,Dengue,county
"OR, Lane",All,1 to 4,2010 - 2024,Dengue,county
"OR, Linn",All,1 to 4,2010 - 2024,Dengue,county
"OR, Malheur",All,1 to 4,2010 - 2024,Dengue,county
"OR, Polk",All,1 to 4,2010 - 2024,Dengue,county
"OR, Tillamook",All,1 to 4,2010 - 2024,Dengue,county
"OR, Union",All,1 to 4,2010 - 2024,Dengue,county
"OR, Wasco",All,1 to 4,2010 - 2024,Dengue,county
"PA, Armstrong",All,1 to 4,2010 - 2024,Dengue,county
"PA, Beaver",All,1 to 4,2010 - 2024,Dengue,county
"PA, Blair",All,1 to 4,2010 - 2024,Dengue,county
"PA, Butler",All,1 to 4,2010 - 2024,Dengue,county
"PA, Clearfield",All,1 to 4,2010 - 2024,Dengue,county
"PA, Columbia",All,1 to 4,2010 - 2024,Dengue,county
"PA, Crawford",All,1 to 4,2010 - 2024,Dengue,county
"PA, Dauphin",All,1 to 4,2010 - 2024,Dengue,county
"PA, Erie",All,1 to 4,2010 - 2024,Dengue,county
"PA, Franklin",All,1 to 4,2010 - 2024,Dengue,county
"PA, Indiana",All,1 to 4,2010 - 2024,Dengue,county
"PA, Lackawanna",All,1 to 4,2010 - 2024,Dengue,county
"PA, Lawrence",All,1 to 4,2010 - 2024,Dengue,county
"PA, Lebanon",All,1 to 4,2010 - 2024,Dengue,county
"PA, Montour",All,1 to 4,2010 - 2024,Dengue,county
"PA, Northumberland",All,1 to 4,2010 - 2024,Dengue,county
"PA, Pike",All,1 to 4,2010 - 2024,Dengue,county
"PA, Potter",All,1 to 4,2010 - 2024,Dengue,county
"PA, Tioga",All,1 to 4,2010 - 2024,Dengue,county
"PA, Wayne",All,1 to 4,2010 - 2024,Dengue,county
"PA, Westmoreland",All,1 to 4,2010 - 2024,Dengue,county
"RI, Bristol",All,1 to 4,2010 - 2024,Dengue,county
"RI, Washington",All,1 to 4,2010 - 2024,Dengue,county
"SC, Aiken",All,1 to 4,2010 - 2024,Dengue,county
"SC, Anderson",All,1 to 4,2010 - 2024,Dengue,county
"SC, Berkeley",All,1 to 4,2010 - 2024,Dengue,county
"SC, Cherokee",All,1 to 4,2010 - 2024,Dengue,county
"SC, Dorchester",All,1 to 4,2010 - 2024,Dengue,county
"SC, Georgetown",All,1 to 4,2010 - 2024,Dengue,county
"SC, Greenwood",All,1 to 4,2010 - 2024,Dengue,county
"SC, Horry",All,1 to 4,2010 - 2024,Dengue,county
"SC, Kershaw",All,1 to 4,2010 - 2024,Dengue,county
"SC, Marlboro",All,1 to 4,2010 - 2024,Dengue,county
"SC, Oconee",All,1 to 4,2010 - 2024,Dengue,county
"SC, Orangeburg",All,1 to 4,2010 - 2024,Dengue,county
"SC, Pickens",All,1 to 4,2010 - 2024,Dengue,county
"SC, Sumter",All,1 to 4,2010 - 2024,Dengue,county
"SC, York",All,1 to 4,2010 - 2024,Dengue,county
"SD, Brookings",All,1 to 4,2010 - 2024,Dengue,county
"SD, Edmunds",All,1 to 4,2010 - 2024,Dengue,county
"SD, Haakon",All,1 to 4,2010 - 2024,Dengue,county
"SD, Jackson",All,1 to 4,2010 - 2024,Dengue,county
"SD, Jerauld",All,1 to 4,2010 - 2024,Dengue,county
"SD, Lincoln",All,1 to 4,2010 - 2024,Dengue,county
"SD, Meade",All,1 to 4,2010 - 2024,Dengue,county
"SD, Pennington",All,1 to 4,2010 - 2024,Dengue,county
"SD, Sully",All,1 to 4,2010 - 2024,Dengue,county
"SD, Union",All,1 to 4,2010 - 2024,Dengue,county
"SD, Yankton",All,1 to 4,2010 - 2024,Dengue,county
"TN, Anderson",All,1 to 4,2010 - 2024,Dengue,county
"TN, Bradley",All,1 to 4,2010 - 2024,Dengue,county
"TN, Cannon",All,1 to 4,2010 - 2024,Dengue,county
"TN, Carroll",All,1 to 4,2010 - 2024,Dengue,county
"TN, Fayette",All,1 to 4,2010 - 2024,Dengue,county
"TN, Franklin",All,1 to 4,2010 - 2024,Dengue,county
"TN, Hardin",All,1 to 4,2010 - 2024,Dengue,county
"TN, Henderson",All,1 to 4,2010 - 2024,Dengue,county
"TN, Henry",All,1 to 4,2010 - 2024,Dengue,county
"TN, Montgomery",All,1 to 4,2010 - 2024,Dengue,county
"TN, Putnam",All,1 to 4,2010 - 2024,Dengue,county
"TN, Robertson",All,1 to 4,2010 - 2024,Dengue,county
"TN, Scott",All,1 to 4,2010 - 2024,Dengue,county
"TN, Sullivan",All,1 to 4,2010 - 2024,Dengue,county
"TN, Sumner",All,1 to 4,2010 - 2024,Dengue,county
"TN, Tipton",All,1 to 4,2010 - 2024,Dengue,county
"TN, Washington",All,1 to 4,2010 - 2024,Dengue,county
"TN, Wilson",All,1 to 4,2010 - 2024,Dengue,county
"TX, Angelina",All,1 to 4,2010 - 2024,Dengue,county
"TX, Atascosa",All,1 to 4,2010 - 2024,Dengue,county
"TX, Bastrop",All,1 to 4,2010 - 2024,Dengue,county
"TX, Bee",All,1 to 4,2010 - 2024,Dengue,county
"TX, Bowie",All,1 to 4,2010 - 2024,Dengue,county
"TX, Brazos",All,1 to 4,2010 - 2024,Dengue,county
"TX, Brown",All,1 to 4,2010 - 2024,Dengue,county
"TX, Burnet",All,1 to 4,2010 - 2024,Dengue,county
"TX, Caldwell",All,1 to 4,2010 - 2024,Dengue,county
"TX, Cass",All,1 to 4,2010 - 2024,Dengue,county
"TX, Comal",All,1 to 4,2010 - 2024,Dengue,county
"TX, Cooke",All,1 to 4,2010 - 2024,Dengue,county
"TX, Ellis",All,1 to 4,2010 - 2024,Dengue,county
"TX, Freestone",All,1 to 4,2010 - 2024,Dengue,county
"TX, Frio",All,1 to 4,2010 - 2024,Dengue,county
"TX, Gillespie",All,1 to 4,2010 - 2024,Dengue,county
"TX, Grayson",All,1 to 4,2010 - 2024,Dengue,county
"TX, Gregg",All,1 to 4,2010 - 2024,Dengue,county
"TX, Grimes",All,1 to 4,2010 - 2024,Dengue,county
"TX, Guadalupe",All,1 to 4,2010 - 2024,Dengue,county
"TX, Hamilton",All,1 to 4,2010 - 2024,Dengue,county
"TX, Harrison",All,1 to 4,2010 - 2024,Dengue,county
"TX, Henderson",All,1 to 4,2010 - 2024,Dengue,county
"TX, Hood",All,1 to 4,2010 - 2024,Dengue,county
"TX, Hunt",All,1 to 4,2010 - 2024,Dengue,county
"TX, Jackson",All,1 to 4,2010 - 2024,Dengue,county
"TX, Jefferson",All,1 to 4,2010 - 2024,Dengue,county
"TX, Johnson",All,1 to 4,2010 - 2024,Dengue,county
"TX, Karnes",All,1 to 4,2010 - 2024,Dengue,county
"TX, Kaufman",All,1 to 4,2010 - 2024,Dengue,county
"TX, Kendall",All,1 to 4,2010 - 2024,Dengue,county
"TX, Liberty",All,1 to 4,2010 - 2024,Dengue,county
"TX, Lubbock",All,1 to 4,2010 - 2024,Dengue,county
"TX, Mcculloch",All,1 to 4,2010 - 2024,Dengue,county
"TX, Mclennan",All,1 to 4,2010 - 2024,Dengue,county
"TX, Mcmullen",All,1 to 4,2010 - 2024,Dengue,county
"TX, Mills",All,1 to 4,2010 - 2024,Dengue,county
"TX, Palo Pinto",All,1 to 4,2010 - 2024,Dengue,county
"TX, Parker",All,1 to 4,2010 - 2024,Dengue,county
"TX, Potter",All,1 to 4,2010 - 2024,Dengue,county
"TX, Rains",All,1 to 4,2010 - 2024,Dengue,county
"TX, Randall",All,1 to 4,2010 - 2024,Dengue,county
"TX, Reeves",All,1 to 4,2010 - 2024,Dengue,county
"TX, Refugio",All,1 to 4,2010 - 2024,Dengue,county
"TX, Robertson",All,1 to 4,2010 - 2024,Dengue,county
"TX, Rockwall",All,1 to 4,2010 - 2024,Dengue,county
"TX, Rusk",All,1 to 4,2010 - 2024,Dengue,county
"TX, San Patricio",All,1 to 4,2010 - 2024,Dengue,county
"TX, Scurry",All,1 to 4,2010 - 2024,Dengue,county
"TX, Smith",All,1 to 4,2010 - 2024,Dengue,county
"TX, Starr",All,1 to 4,2010 - 2024,Dengue,county
"TX, Taylor",All,1 to 4,2010 - 2024,Dengue,county
"TX, Titus",All,1 to 4,2010 - 2024,Dengue,county
"TX, Tom Green",All,1 to 4,2010 - 2024,Dengue,county
"TX, Uvalde",All,1 to 4,2010 - 2024,Dengue,county
"TX, Val Verde",All,1 to 4,2010 - 2024,Dengue,county
"TX, Victoria",All,1 to 4,2010 - 2024,Dengue,county
"TX, Walker",All,1 to 4,2010 - 2024,Dengue,county
"TX, Wharton",All,1 to 4,2010 - 2024,Dengue,county
"TX, Wichita",All,1 to 4,2010 - 2024,Dengue,county
"TX, Wilbarger",All,1 to 4,2010 - 2024,Dengue,county
"TX, Willacy",All,1 to 4,2010 - 2024,Dengue,county
"TX, Wise",All,1 to 4,2010 - 2024,Dengue,county
"UT, Cache",All,1 to 4,2010 - 2024,Dengue,county
"UT, Summit",All,1 to 4,2010 - 2024,Dengue,county
"UT, Wasatch",All,1 to 4,2010 - 2024,Dengue,county
"UT, Washington",All,1 to 4,2010 - 2024,Dengue,county
"UT, Weber",All,1 to 4,2010 - 2024,Dengue,county
"VT, Addison",All,1 to 4,2010 - 2024,Dengue,county
"VT, Caledonia",All,1 to 4,2010 - 2024,Dengue,county
"VT, Essex",All,1 to 4,2010 - 2024,Dengue,county
"VT, Franklin",All,1 to 4,2010 - 2024,Dengue,county
"VT, Lamoille",All,1 to 4,2010 - 2024,Dengue,county
"VT, Orange",All,1 to 4,2010 - 2024,Dengue,county
"VT, Washington",All,1 to 4,2010 - 2024,Dengue,county
"VT, Windham",All,1 to 4,2010 - 2024,Dengue,county
"VT, Windsor",All,1 to 4,2010 - 2024,Dengue,county
"VA, Accomack",All,1 to 4,2010 - 2024,Dengue,county
"VA, Augusta",All,1 to 4,2010 - 2024,Dengue,county
"VA, Chesterfield",All,1 to 4,2010 - 2024,Dengue,county
"VA, Clarke",All,1 to 4,2010 - 2024,Dengue,county
"VA, Culpeper",All,1 to 4,2010 - 2024,Dengue,county
"VA, Fauquier",All,1 to 4,2010 - 2024,Dengue,county
"VA, Franklin",All,1 to 4,2010 - 2024,Dengue,county
"VA, Frederick",All,1 to 4,2010 - 2024,Dengue,county
"VA, Goochland",All,1 to 4,2010 - 2024,Dengue,county
"VA, Henrico",All,1 to 4,2010 - 2024,Dengue,county
"VA, Madison",All,1 to 4,2010 - 2024,Dengue,county
"VA, Montgomery",All,1 to 4,2010 - 2024,Dengue,county
"VA, Orange",All,1 to 4,2010 - 2024,Dengue,county
"VA, Rappahannock",All,1 to 4,2010 - 2024,Dengue,county
"VA, Roanoke",All,1 to 4,2010 - 2024,Dengue,county
"VA, Rockbridge",All,1 to 4,2010 - 2024,Dengue,county
"VA, Rockingham",All,1 to 4,2010 - 2024,Dengue,county
"VA, Shenandoah",All,1 to 4,2010 - 2024,Dengue,county
"VA, Spotsylvania",All,1 to 4,2010 - 2024,Dengue,county
"VA, Stafford",All,1 to 4,2010 - 2024,Dengue,county
"VA, Warren",All,1 to 4,2010 - 2024,Dengue,county
"VA, Wise",All,1 to 4,2010 - 2024,Dengue,county
"VA, York",All,1 to 4,2010 - 2024,Dengue,county
"VA, Chesapeake City",All,1 to 4,2010 - 2024,Dengue,county
"VA, Emporia City",All,1 to 4,2010 - 2024,Dengue,county
"VA, Falls Church City",All,1 to 4,2010 - 2024,Dengue,county
"VA, Fredericksburg City",All,1 to 4,2010 - 2024,Dengue,county
"VA, Harrisonburg City",All,1 to 4,2010 - 2024,Dengue,county
"VA, Lynchburg City",All,1 to 4,2010 - 2024,Dengue,county
"VA, Manassas City",All,1 to 4,2010 - 2024,Dengue,county
"VA, Newport News City",All,1 to 4,2010 - 2024,Dengue,county
"VA, Norfolk City",All,1 to 4,2010 - 2024,Dengue,county
"VA, Richmond City",All,1 to 4,2010 - 2024,Dengue,county
"VA, Roanoke City",All,1 to 4,2010 - 2024,Dengue,county
"VA, Suffolk City",All,1 to 4,2010 - 2024,Dengue,county
"VA, Williamsburg City",All,1 to 4,2010 - 2024,Dengue,county
"VA, Winchester City",All,1 to 4,2010 - 2024,Dengue,county
"WA, Benton",All,1 to 4,2010 - 2024,Dengue,county
"WA, Chelan",All,1 to 4,2010 - 2024,Dengue,county
"WA, Clallam",All,1 to 4,2010 - 2024,Dengue,county
"WA, Cowlitz",All,1 to 4,2010 - 2024,Dengue,county
"WA, Douglas",All,1 to 4,2010 - 2024,Dengue,county
"WA, Franklin",All,1 to 4,2010 - 2024,Dengue,county
"WA, Grant",All,1 to 4,2010 - 2024,Dengue,county
"WA, Island",All,1 to 4,2010 - 2024,Dengue,county
"WA, San Juan",All,1 to 4,2010 - 2024,Dengue,county
"WA, Stevens",All,1 to 4,2010 - 2024,Dengue,county
"WA, Wahkiakum",All,1 to 4,2010 - 2024,Dengue,county
"WA, Walla Walla",All,1 to 4,2010 - 2024,Dengue,county
"WV, Fayette",All,1 to 4,2010 - 2024,Dengue,county
"WV, Hampshire",All,1 to 4,2010 - 2024,Dengue,county
"WV, Kanawha",All,1 to 4,2010 - 2024,Dengue,county
"WV, Monongalia",All,1 to 4,2010 - 2024,Dengue,county
"WV, Putnam",All,1 to 4,2010 - 2024,Dengue,county
"WV, Randolph",All,1 to 4,2010 - 2024,Dengue,county
"WV, Tyler",All,1 to 4,2010 - 2024,Dengue,county
"WV, Wood",All,1 to 4,2010 - 2024,Dengue,county
"WI, Bayfield",All,1 to 4,2010 - 2024,Dengue,county
"WI, Brown",All,1 to 4,2010 - 2024,Dengue,county
"WI, Clark",All,1 to 4,2010 - 2024,Dengue,county
"WI, Columbia",All,1 to 4,2010 - 2024,Dengue,county
"WI, Door",All,1 to 4,2010 - 2024,Dengue,county
"WI, Douglas",All,1 to 4,2010 - 2024,Dengue,county
"WI, Eau Claire",All,1 to 4,2010 - 2024,Dengue,county
"WI, Fond Du Lac",All,1 to 4,2010 - 2024,Dengue,county
"WI, Green",All,1 to 4,2010 - 2024,Dengue,county
"WI, Juneau",All,1 to 4,2010 - 2024,Dengue,county
"WI, Kenosha",All,1 to 4,2010 - 2024,Dengue,county
"WI, La Crosse",All,1 to 4,2010 - 2024,Dengue,county
"WI, Lafayette",All,1 to 4,2010 - 2024,Dengue,county
"WI, Marathon",All,1 to 4,2010 - 2024,Dengue,county
"WI, Monroe",All,1 to 4,2010 - 2024,Dengue,county
"WI, Oneida",All,1 to 4,2010 - 2024,Dengue,county
"WI, Ozaukee",All,1 to 4,2010 - 2024,Dengue,county
"WI, Polk",All,1 to 4,2010 - 2024,Dengue,county
"WI, Portage",All,1 to 4,2010 - 2024,Dengue,county
"WI, Racine",All,1 to 4,2010 - 2024,Dengue,county
"WI, Richland",All,1 to 4,2010 - 2024,Dengue,county
"WI, Rock",All,1 to 4,2010 - 2024,Dengue,county
"WI, St Croix",All,1 to 4,2010 - 2024,Dengue,county
"WI, Sauk",All,1 to 4,2010 - 2024,Dengue,county
"WI, Shawano",All,1 to 4,2010 - 2024,Dengue,county
"WI, Sheboygan",All,1 to 4,2010 - 2024,Dengue,county
"WI, Vernon",All,1 to 4,2010 - 2024,Dengue,county
"WI, Washburn",All,1 to 4,2010 - 2024,Dengue,county
"WI, Washington",All,1 to 4,2010 - 2024,Dengue,county
"WI, Wood",All,1 to 4,2010 - 2024,Dengue,county
"WY, Albany",All,1 to 4,2010 - 2024,Dengue,county
"WY, Big Horn",All,1 to 4,2010 - 2024,Dengue,county
"WY, Laramie",All,1 to 4,2010 - 2024,Dengue,county
"AS, Olosega",All,1 to 4,2010 - 2024,Dengue,county
,All,1 to 4,2010 - 2024,Dengue,county
"MP, Rota",All,1 to 4,2010 - 2024,Dengue,county
"MP, Saipan",All,1 to 4,2010 - 2024,Dengue,county
,All,1 to 4,2010 - 2024,Dengue,county
"AL, Jefferson",All,16,2010 - 2024,Dengue,county
"AL, Madison",All,9,2010 - 2024,Dengue,county
"AL, Montgomery",All,5,2010 - 2024,Dengue,county
"AK, Anchorage Muny",All,12,2010 - 2024,Dengue,county
AK,All,9,2010 - 2024,Dengue,county
"AZ, Pima",All,28,2010 - 2024,Dengue,county
"AZ, Pinal",All,8,2010 - 2024,Dengue,county
"AR, Benton",All,10,2010 - 2024,Dengue,county
"AR, Pulaski",All,7,2010 - 2024,Dengue,county
"AR, Washington",All,10,2010 - 2024,Dengue,county
"CA, Butte",All,7,2010 - 2024,Dengue,county
"CA, El Dorado",All,6,2010 - 2024,Dengue,county
"CA, Fresno",All,33,2010 - 2024,Dengue,county
"CA, Imperial",All,7,2010 - 2024,Dengue,county
"CA, Kern",All,27,2010 - 2024,Dengue,county
"CA, Kings",All,5,2010 - 2024,Dengue,county
"CA, Marin",All,19,2010 - 2024,Dengue,county
"CA, Monterey",All,17,2010 - 2024,Dengue,county
"CA, Napa",All,11,2010 - 2024,Dengue,county
"CA, Placer",All,16,2010 - 2024,Dengue,county
"CA, San Benito",All,5,2010 - 2024,Dengue,county
"CA, San Joaquin",All,29,2010 - 2024,Dengue,county
"CA, San Luis Obispo",All,17,2010 - 2024,Dengue,county
"CA, Santa Barbara",All,26,2010 - 2024,Dengue,county
"CA, Santa Cruz",All,19,2010 - 2024,Dengue,county
"CA, Solano",All,27,2010 - 2024,Dengue,county
"CA, Sonoma",All,39,2010 - 2024,Dengue,county
"CA, Stanislaus",All,25,2010 - 2024,Dengue,county
"CA, Tulare",All,12,2010 - 2024,Dengue,county
"CA, Ventura",All,39,2010 - 2024,Dengue,county
"CA, Yolo",All,28,2010 - 2024,Dengue,county
"CO, Adams",All,11,2010 - 2024,Dengue,county
"CO, Arapahoe",All,23,2010 - 2024,Dengue,county
"CO, Boulder",All,23,2010 - 2024,Dengue,county
"CO, Denver",All,29,2010 - 2024,Dengue,county
"CO, Douglas",All,14,2010 - 2024,Dengue,county
"CO, Eagle",All,6,2010 - 2024,Dengue,county
"CO, El Paso",All,14,2010 - 2024,Dengue,county
"CO, Garfield",All,6,2010 - 2024,Dengue,county
"CO, Jefferson",All,18,2010 - 2024,Dengue,county
"CO, Larimer",All,10,2010 - 2024,Dengue,county
"CO, Weld",All,10,2010 - 2024,Dengue,county
"CT, Fairfield",All,31,2010 - 2024,Dengue,county
"CT, Hartford",All,24,2010 - 2024,Dengue,county
"CT, New Haven",All,16,2010 - 2024,Dengue,county
"CT, New London",All,5,2010 - 2024,Dengue,county
"CT, Capitol",All,12,2010 - 2024,Dengue,county
"CT, Greater Bridgeport",All,8,2010 - 2024,Dengue,county
"CT, South Central Connecticut",All,10,2010 - 2024,Dengue,county
"CT, Western Connecticut",All,20,2010 - 2024,Dengue,county
"DE, New Castle",All,23,2010 - 2024,Dengue,county
"FL, Alachua",All,17,2010 - 2024,Dengue,county
"FL, Brevard",All,27,2010 - 2024,Dengue,county
"FL, Charlotte",All,9,2010 - 2024,Dengue,county
"FL, Clay",All,8,2010 - 2024,Dengue,county
"FL, Escambia",All,7,2010 - 2024,Dengue,county
"FL, Flagler",All,8,2010 - 2024,Dengue,county
"FL, Hardee",All,21,2010 - 2024,Dengue,county
"FL, Hendry",All,8,2010 - 2024,Dengue,county
"FL, Hernando",All,7,2010 - 2024,Dengue,county
"FL, Indian River",All,8,2010 - 2024,Dengue,county
"FL, Lake",All,11,2010 - 2024,Dengue,county
"FL, Manatee",All,21,2010 - 2024,Dengue,county
"FL, Marion",All,15,2010 - 2024,Dengue,county
"FL, Martin",All,22,2010 - 2024,Dengue,county
"FL, Pasco",All,39,2010 - 2024,Dengue,county
"FL, Pinellas",All,37,2010 - 2024,Dengue,county
"FL, Polk",All,40,2010 - 2024,Dengue,county
"FL, St Johns",All,10,2010 - 2024,Dengue,county
"FL, St Lucie",All,43,2010 - 2024,Dengue,county
"FL, Santa Rosa",All,5,2010 - 2024,Dengue,county
"FL, Sarasota",All,27,2010 - 2024,Dengue,county
"FL, Seminole",All,34,2010 - 2024,Dengue,county
"FL, Volusia",All,22,2010 - 2024,Dengue,county
"GA, Cobb",All,20,2010 - 2024,Dengue,county
"GA, De Kalb",All,15,2010 - 2024,Dengue,county
"GA, Forsyth",All,7,2010 - 2024,Dengue,county
"GA, Fulton",All,41,2010 - 2024,Dengue,county
"GA, Gwinnett",All,28,2010 - 2024,Dengue,county
"HI, Kauai",All,9,2010 - 2024,Dengue,county
"HI, Maui",All,22,2010 - 2024,Dengue,county
"ID, Ada",All,13,2010 - 2024,Dengue,county
"ID, Canyon",All,5,2010 - 2024,Dengue,county
"IL, Champaign",All,11,2010 - 2024,Dengue,county
"IL, Du Page",All,42,2010 - 2024,Dengue,county
"IL, Kane",All,15,2010 - 2024,Dengue,county
"IL, Kendall",All,5,2010 - 2024,Dengue,county
"IL, Lake",All,37,2010 - 2024,Dengue,county
"IL, Mchenry",All,5,2010 - 2024,Dengue,county
"IL, Will",All,20,2010 - 2024,Dengue,county
"IN, Hamilton",All,10,2010 - 2024,Dengue,county
"IN, Johnson",All,7,2010 - 2024,Dengue,county
"IN, Marion",All,28,2010 - 2024,Dengue,county
"IN, St Joseph",All,6,2010 - 2024,Dengue,county
"IN, Tippecanoe",All,10,2010 - 2024,Dengue,county
"IA, Dallas",All,7,2010 - 2024,Dengue,county
"IA, Johnson",All,7,2010 - 2024,Dengue,county
"IA, Linn",All,5,2010 - 2024,Dengue,county
"IA, Polk",All,6,2010 - 2024,Dengue,county
"IA, Sioux",All,7,2010 - 2024,Dengue,county
"IA, Story",All,5,2010 - 2024,Dengue,county
"KS, Douglas",All,6,2010 - 2024,Dengue,county
"KS, Johnson",All,15,2010 - 2024,Dengue,county
"KS, Sedgwick",All,6,2010 - 2024,Dengue,county
"KY, Jefferson",All,23,2010 - 2024,Dengue,county
"LA, East Baton Rouge Parish",All,5,2010 - 2024,Dengue,county
"LA, Jefferson Parish",All,19,2010 - 2024,Dengue,county
"LA, Lafayette Parish",All,10,2010 - 2024,Dengue,county
"LA, Orleans Parish",All,21,2010 - 2024,Dengue,county
"LA, St Tammany Parish",All,6,2010 - 2024,Dengue,county
"ME, Cumberland",All,13,2010 - 2024,Dengue,county
"MD, Anne Arundel",All,23,2010 - 2024,Dengue,county
"MD, Baltimore",All,30,2010 - 2024,Dengue,county
"MD, Frederick",All,13,2010 - 2024,Dengue,county
"MD, Howard",All,18,2010 - 2024,Dengue,county
"MD, Prince Georges",All,33,2010 - 2024,Dengue,county
"MD, Baltimore City",All,15,2010 - 2024,Dengue,county
"MA, Bristol",All,6,2010 - 2024,Dengue,county
"MA, Essex",All,38,2010 - 2024,Dengue,county
"MA, Norfolk",All,37,2010 - 2024,Dengue,county
"MA, Plymouth",All,12,2010 - 2024,Dengue,county
"MA, Worcester",All,32,2010 - 2024,Dengue,county
"MI, Grand Traverse",All,5,2010 - 2024,Dengue,county
"MI, Ingham",All,6,2010 - 2024,Dengue,county
"MI, Kent",All,19,2010 - 2024,Dengue,county
"MI, Livingston",All,7,2010 - 2024,Dengue,county
"MI, Macomb",All,5,2010 - 2024,Dengue,county
"MI, Oakland",All,42,2010 - 2024,Dengue,county
"MI, Ottawa",All,5,2010 - 2024,Dengue,county
"MI, Washtenaw",All,40,2010 - 2024,Dengue,county
"MI, Wayne",All,28,2010 - 2024,Dengue,county
"MN, Anoka",All,11,2010 - 2024,Dengue,county
"MN, Dakota",All,26,2010 - 2024,Dengue,county
"MN, Olmsted",All,6,2010 - 2024,Dengue,county
"MN, Ramsey",All,39,2010 - 2024,Dengue,county
"MN, Scott",All,6,2010 - 2024,Dengue,county
"MN, Washington",All,16,2010 - 2024,Dengue,county
"MO, Jackson",All,13,2010 - 2024,Dengue,county
"MO, St Charles",All,5,2010 - 2024,Dengue,county
"MO, St Louis",All,20,2010 - 2024,Dengue,county
"MO, St Louis City",All,6,2010 - 2024,Dengue,county
"MT, Gallatin",All,10,2010 - 2024,Dengue,county
"MT, Missoula",All,7,2010 - 2024,Dengue,county
"NE, Dodge",All,5,2010 - 2024,Dengue,county
"NE, Douglas",All,9,2010 - 2024,Dengue,county
"NE, Lancaster",All,8,2010 - 2024,Dengue,county
"NE, Merrick",All,7,2010 - 2024,Dengue,county
"NV, Clark",All,43,2010 - 2024,Dengue,county
"NV, Washoe",All,11,2010 - 2024,Dengue,county
"NH, Hillsborough",All,18,2010 - 2024,Dengue,county
"NH, Rockingham",All,5,2010 - 2024,Dengue,county
"NJ, Atlantic",All,11,2010 - 2024,Dengue,county
"NJ, Burlington",All,15,2010 - 2024,Dengue,county
"NJ, Camden",All,18,2010 - 2024,Dengue,county
"NJ, Cumberland",All,13,2010 - 2024,Dengue,county
"NJ, Essex",All,45,2010 - 2024,Dengue,county
"NJ, Gloucester",All,7,2010 - 2024,Dengue,county
"NJ, Hunterdon",All,7,2010 - 2024,Dengue,county
"NJ, Mercer",All,33,2010 - 2024,Dengue,county
"NJ, Monmouth",All,37,2010 - 2024,Dengue,county
"NJ, Morris",All,25,2010 - 2024,Dengue,county
"NJ, Ocean",All,11,2010 - 2024,Dengue,county
"NJ, Passaic",All,41,2010 - 2024,Dengue,county
"NJ, Somerset",All,34,2010 - 2024,Dengue,county
"NJ, Sussex",All,8,2010 - 2024,Dengue,county
"NJ, Union",All,48,2010 - 2024,Dengue,county
"NJ, Warren",All,6,2010 - 2024,Dengue,county
"NM, Bernalillo",All,17,2010 - 2024,Dengue,county
"NM, Santa Fe",All,5,2010 - 2024,Dengue,county
"NY, Albany",All,10,2010 - 2024,Dengue,county
"NY, Dutchess",All,14,2010 - 2024,Dengue,county
"NY, Erie",All,16,2010 - 2024,Dengue,county
"NY, Monroe",All,24,2010 - 2024,Dengue,county
"NY, Onondaga",All,23,2010 - 2024,Dengue,county
"NY, Orange",All,19,2010 - 2024,Dengue,county
"NY, Putnam",All,6,2010 - 2024,Dengue,county
"NY, Richmond",All,31,2010 - 2024,Dengue,county
"NY, Rockland",All,20,2010 - 2024,Dengue,county
"NY, Tompkins",All,8,2010 - 2024,Dengue,county
"NY, Ulster",All,8,2010 - 2024,Dengue,county
"NC, Alamance",All,7,2010 - 2024,Dengue,county
"NC, Buncombe",All,14,2010 - 2024,Dengue,county
"NC, Cumberland",All,5,2010 - 2024,Dengue,county
"NC, Durham",All,15,2010 - 2024,Dengue,county
"NC, Forsyth",All,9,2010 - 2024,Dengue,county
"NC, Guilford",All,13,2010 - 2024,Dengue,county
"NC, Johnston",All,7,2010 - 2024,Dengue,county
"NC, Mecklenburg",All,26,2010 - 2024,Dengue,county
"NC, New Hanover",All,7,2010 - 2024,Dengue,county
"NC, Orange",All,13,2010 - 2024,Dengue,county
"NC, Union",All,7,2010 - 2024,Dengue,county
"NC, Wake",All,43,2010 - 2024,Dengue,county
"OH, Butler",All,6,2010 - 2024,Dengue,county
"OH, Cuyahoga",All,28,2010 - 2024,Dengue,county
"OH, Franklin",All,28,2010 - 2024,Dengue,county
"OH, Hamilton",All,15,2010 - 2024,Dengue,county
"OH, Lorain",All,5,2010 - 2024,Dengue,county
"OH, Montgomery",All,9,2010 - 2024,Dengue,county
"OH, Summit",All,6,2010 - 2024,Dengue,county
"OK, Oklahoma",All,9,2010 - 2024,Dengue,county
"OK, Tulsa",All,11,2010 - 2024,Dengue,county
"OR, Clackamas",All,6,2010 - 2024,Dengue,county
"OR, Deschutes",All,10,2010 - 2024,Dengue,county
"OR, Jackson",All,6,2010 - 2024,Dengue,county
"OR, Marion",All,11,2010 - 2024,Dengue,county
"OR, Multnomah",All,32,2010 - 2024,Dengue,county
"OR, Washington",All,19,2010 - 2024,Dengue,county
"OR, Yamhill",All,5,2010 - 2024,Dengue,county
"PA, Allegheny",All,30,2010 - 2024,Dengue,county
"PA, Berks",All,14,2010 - 2024,Dengue,county
"PA, Bucks",All,13,2010 - 2024,Dengue,county
"PA, Centre",All,9,2010 - 2024,Dengue,county
"PA, Chester",All,14,2010 - 2024,Dengue,county
"PA, Cumberland",All,6,2010 - 2024,Dengue,county
"PA, Delaware",All,23,2010 - 2024,Dengue,county
"PA, Lancaster",All,16,2010 - 2024,Dengue,county
"PA, Lehigh",All,22,2010 - 2024,Dengue,county
"PA, Luzerne",All,6,2010 - 2024,Dengue,county
"PA, Monroe",All,5,2010 - 2024,Dengue,county
"PA, Montgomery",All,37,2010 - 2024,Dengue,county
"PA, Northampton",All,12,2010 - 2024,Dengue,county
"PA, Washington",All,5,2010 - 2024,Dengue,county
"PA, York",All,5,2010 - 2024,Dengue,county
"RI, Kent",All,7,2010 - 2024,Dengue,county
"RI, Newport",All,5,2010 - 2024,Dengue,county
"SC, Beaufort",All,5,2010 - 2024,Dengue,county
"SC, Charleston",All,10,2010 - 2024,Dengue,county
"SC, Greenville",All,11,2010 - 2024,Dengue,county
"SC, Lexington",All,12,2010 - 2024,Dengue,county
"SC, Richland",All,16,2010 - 2024,Dengue,county
"SC, Spartanburg",All,5,2010 - 2024,Dengue,county
"SD, Minnehaha",All,9,2010 - 2024,Dengue,county
"TN, Davidson",All,13,2010 - 2024,Dengue,county
"TN, Greene",All,6,2010 - 2024,Dengue,county
"TN, Hamilton",All,10,2010 - 2024,Dengue,county
"TN, Knox",All,7,2010 - 2024,Dengue,county
"TN, Rutherford",All,9,2010 - 2024,Dengue,county
"TN, Shelby",All,9,2010 - 2024,Dengue,county
"TN, Williamson",All,9,2010 - 2024,Dengue,county
"TX, Bell",All,6,2010 - 2024,Dengue,county
"TX, Bexar",All,44,2010 - 2024,Dengue,county
"TX, Brazoria",All,8,2010 - 2024,Dengue,county
"TX, Collin",All,49,2010 - 2024,Dengue,county
"TX, Denton",All,28,2010 - 2024,Dengue,county
"TX, Ector",All,6,2010 - 2024,Dengue,county
"TX, El Paso",All,13,2010 - 2024,Dengue,county
"TX, Fort Bend",All,36,2010 - 2024,Dengue,county
"TX, Galveston",All,6,2010 - 2024,Dengue,county
"TX, Hays",All,10,2010 - 2024,Dengue,county
"TX, Maverick",All,12,2010 - 2024,Dengue,county
"TX, Midland",All,5,2010 - 2024,Dengue,county
"TX, Montgomery",All,20,2010 - 2024,Dengue,county
"TX, Nueces",All,9,2010 - 2024,Dengue,county
"TX, Tarrant",All,44,2010 - 2024,Dengue,county
"TX, Webb",All,18,2010 - 2024,Dengue,county
"TX, Williamson",All,17,2010 - 2024,Dengue,county
"UT, Davis",All,8,2010 - 2024,Dengue,county
"UT, Salt Lake",All,43,2010 - 2024,Dengue,county
"UT, Utah",All,9,2010 - 2024,Dengue,county
"VT, Chittenden",All,16,2010 - 2024,Dengue,county
"VT, Rutland",All,5,2010 - 2024,Dengue,county
"VA, Albemarle",All,5,2010 - 2024,Dengue,county
"VA, Arlington",All,27,2010 - 2024,Dengue,county
"VA, Loudoun",All,38,2010 - 2024,Dengue,county
"VA, Prince William",All,19,2010 - 2024,Dengue,county
"VA, Alexandria City",All,10,2010 - 2024,Dengue,county
"VA, Charlottesville City",All,6,2010 - 2024,Dengue,county
"VA, Virginia Beach City",All,7,2010 - 2024,Dengue,county
"WA, Clark",All,9,2010 - 2024,Dengue,county
"WA, Kitsap",All,7,2010 - 2024,Dengue,county
"WA, Pierce",All,24,2010 - 2024,Dengue,county
"WA, Skagit",All,6,2010 - 2024,Dengue,county
"WA, Snohomish",All,27,2010 - 2024,Dengue,county
"WA, Spokane",All,8,2010 - 2024,Dengue,county
"WA, Thurston",All,9,2010 - 2024,Dengue,county
"WA, Whatcom",All,6,2010 - 2024,Dengue,county
"WA, Yakima",All,13,2010 - 2024,Dengue,county
"WI, Dane",All,49,2010 - 2024,Dengue,county
"WI, Milwaukee",All,31,2010 - 2024,Dengue,county
"WI, Outagamie",All,6,2010 - 2024,Dengue,county
"WI, Walworth",All,8,2010 - 2024,Dengue,county
"WI, Waukesha",All,18,2010 - 2024,Dengue,county
"WI, Winnebago",All,5,2010 - 2024,Dengue,county
"WY, Teton",All,5,2010 - 2024,Dengue,county
,All,8,2010 - 2024,Dengue,county
"GU, Guam",All,33,2010 - 2024,Dengue,county
"PR, Culebra",All,30,2010 - 2024,Dengue,county
"PR, Vieques",All,16,2010 - 2024,Dengue,county
"AZ, Maricopa",All,174,2010 - 2024,Dengue,county
"AZ, Yuma",All,74,2010 - 2024,Dengue,county
"CA, Alameda",All,197,2010 - 2024,Dengue,county
"CA, Contra Costa",All,90,2010 - 2024,Dengue,county
"CA, Orange",All,180,2010 - 2024,Dengue,county
"CA, Riverside",All,73,2010 - 2024,Dengue,county
"CA, Sacramento",All,59,2010 - 2024,Dengue,county
"CA, San Bernardino",All,60,2010 - 2024,Dengue,county
"CA, San Diego",All,219,2010 - 2024,Dengue,county
"CA, San Francisco",All,81,2010 - 2024,Dengue,county
"CA, San Mateo",All,90,2010 - 2024,Dengue,county
"DC, Washington",All,65,2010 - 2024,Dengue,county
"FL, Collier",All,51,2010 - 2024,Dengue,county
"FL, Duval",All,50,2010 - 2024,Dengue,county
"FL, Lee",All,107,2010 - 2024,Dengue,county
"FL, Monroe",All,149,2010 - 2024,Dengue,county
"FL, Orange",All,141,2010 - 2024,Dengue,county
"FL, Osceola",All,51,2010 - 2024,Dengue,county
"FL, Palm Beach",All,223,2010 - 2024,Dengue,county
"HI, Honolulu",All,97,2010 - 2024,Dengue,county
"MD, Montgomery",All,70,2010 - 2024,Dengue,county
"MA, Middlesex",All,85,2010 - 2024,Dengue,county
"MA, Suffolk",All,102,2010 - 2024,Dengue,county
"MN, Hennepin",All,90,2010 - 2024,Dengue,county
"NJ, Bergen",All,74,2010 - 2024,Dengue,county
"NJ, Hudson",All,91,2010 - 2024,Dengue,county
"NJ, Middlesex",All,90,2010 - 2024,Dengue,county
"NY, Nassau",All,106,2010 - 2024,Dengue,county
"NY, Suffolk",All,87,2010 - 2024,Dengue,county
"NY, Westchester",All,115,2010 - 2024,Dengue,county
"PA, Philadelphia",All,59,2010 - 2024,Dengue,county
"RI, Providence",All,53,2010 - 2024,Dengue,county
"TX, Cameron",All,55,2010 - 2024,Dengue,county
"TX, Dallas",All,96,2010 - 2024,Dengue,county
"TX, Harris",All,133,2010 - 2024,Dengue,county
"TX, Hidalgo",All,53,2010 - 2024,Dengue,county
"TX, Travis",All,80,2010 - 2024,Dengue,county
"VA, Fairfax",All,85,2010 - 2024,Dengue,county
"WA, King",All,151,2010 - 2024,Dengue,county
,All,50,2010 - 2024,Dengue,county
,All,72,2010 - 2024,Dengue,county
"PR, Aguas Buenas",All,117,2010 - 2024,Dengue,county
"PR, Aibonito",All,138,2010 - 2024,Dengue,county
"PR, Barceloneta",All,133,2010 - 2024,Dengue,county
"PR, Barranquitas",All,130,2010 - 2024,Dengue,county
"PR, Cayey",All,109,2010 - 2024,Dengue,county
"PR, Ceiba",All,50,2010 - 2024,Dengue,county
"PR, Ciales Municipality",All,138,2010 - 2024,Dengue,county
"PR, Cidra",All,65,2010 - 2024,Dengue,county
"PR, Coamo",All,180,2010 - 2024,Dengue,county
"PR, Comerio",All,117,2010 - 2024,Dengue,county
"PR, Fajardo",All,229,2010 - 2024,Dengue,county
"PR, Florida",All,114,2010 - 2024,Dengue,county
"PR, Guanica",All,135,2010 - 2024,Dengue,county
"PR, Guayanilla",All,201,2010 - 2024,Dengue,county
"PR, Hormigueros",All,162,2010 - 2024,Dengue,county
"PR, Jayuya",All,158,2010 - 2024,Dengue,county
"PR, Lajas",All,203,2010 - 2024,Dengue,county
"PR, Las Marias",All,180,2010 - 2024,Dengue,county
"PR, Loiza",All,129,2010 - 2024,Dengue,county
"PR, Luquillo",All,118,2010 - 2024,Dengue,county
"PR, Maricao",All,149,2010 - 2024,Dengue,county
"PR, Maunabo",All,135,2010 - 2024,Dengue,county
"PR, Nabuabo",All,150,2010 - 2024,Dengue,county
"PR, Penuelas",All,198,2010 - 2024,Dengue,county
"PR, Sabana Grande",All,203,2010 - 2024,Dengue,county
"PR, Santa Isabel",All,173,2010 - 2024,Dengue,county
"PR, Vega Alta",All,212,2010 - 2024,Dengue,county
"PR, Villalba",All,243,2010 - 2024,Dengue,county
"PR, Yabucoa",All,227,2010 - 2024,Dengue,county
"PR, Yauco",All,236,2010 - 2024,Dengue,county
"VI, St. John",All,78,2010 - 2024,Dengue,county
"VI, St. Thomas",All,188,2010 - 2024,Dengue,county
"CA, Los Angeles",All,653,2010 - 2024,Dengue,county
"CA, Santa Clara",All,258,2010 - 2024,Dengue,county
"FL, Broward",All,363,2010 - 2024,Dengue,county
"FL, Hillsborough",All,254,2010 - 2024,Dengue,county
"FL, Miami-Dade",All,2379,2010 - 2024,Dengue,county
"HI, Hawaii",All,267,2010 - 2024,Dengue,county
"IL, Cook",All,270,2010 - 2024,Dengue,county
"NY, Bronx",All,285,2010 - 2024,Dengue,county
"NY, Kings",All,278,2010 - 2024,Dengue,county
"NY, New York",All,409,2010 - 2024,Dengue,county
"NY, Queens",All,296,2010 - 2024,Dengue,county
"AS, Eastern District",All,275,2010 - 2024,Dengue,county
"AS, Tutuila",All,385,2010 - 2024,Dengue,county
"PR, Adjuntas",All,250,2010 - 2024,Dengue,county
"PR, Aguada",All,908,2010 - 2024,Dengue,county
"PR, Aguadilla",All,789,2010 - 2024,Dengue,county
"PR, Anasco",All,509,2010 - 2024,Dengue,county
"PR, Arecibo",All,1251,2010 - 2024,Dengue,county
"PR, Arroyo",All,250,2010 - 2024,Dengue,county
"PR, Bayamon",All,2515,2010 - 2024,Dengue,county
"PR, Cabo Rojo",All,632,2010 - 2024,Dengue,county
"PR, Caguas",All,1008,2010 - 2024,Dengue,county
"PR, Camuy",All,448,2010 - 2024,Dengue,county
"PR, Canovanas",All,412,2010 - 2024,Dengue,county
"PR, Carolina",All,1982,2010 - 2024,Dengue,county
"PR, Catano",All,385,2010 - 2024,Dengue,county
"PR, Corozal",All,380,2010 - 2024,Dengue,county
"PR, Dorado",All,277,2010 - 2024,Dengue,county
"PR, Guayama",All,506,2010 - 2024,Dengue,county
"PR, Guaynabo",All,1026,2010 - 2024,Dengue,county
"PR, Gurabo",All,282,2010 - 2024,Dengue,county
"PR, Hatillo",All,441,2010 - 2024,Dengue,county
"PR, Humacao Municipality",All,417,2010 - 2024,Dengue,county
"PR, Isabela",All,635,2010 - 2024,Dengue,county
"PR, Juana Diaz",All,337,2010 - 2024,Dengue,county
"PR, Juncos",All,425,2010 - 2024,Dengue,county
"PR, Lares",All,691,2010 - 2024,Dengue,county
"PR, Las Piedras",All,281,2010 - 2024,Dengue,county
"PR, Manati",All,359,2010 - 2024,Dengue,county
"PR, Mayaguez",All,1376,2010 - 2024,Dengue,county
"PR, Moca",All,736,2010 - 2024,Dengue,county
"PR, Morovis",All,262,2010 - 2024,Dengue,county
"PR, Naranjito",All,281,2010 - 2024,Dengue,county
"PR, Orocovis",All,253,2010 - 2024,Dengue,county
"PR, Patillas",All,561,2010 - 2024,Dengue,county
"PR, Ponce",All,1409,2010 - 2024,Dengue,county
"PR, Quebradillas",All,413,2010 - 2024,Dengue,county
"PR, Rincon",All,749,2010 - 2024,Dengue,county
"PR, Rio Grande",All,359,2010 - 2024,Dengue,county
"PR, Salinas",All,325,2010 - 2024,Dengue,county
"PR, San German",All,333,2010 - 2024,Dengue,county
"PR, San Juan",All,5494,2010 - 2024,Dengue,county
"PR, San Lorenzo",All,262,2010 - 2024,Dengue,county
"PR, San Sabastian",All,817,2010 - 2024,Dengue,county
"PR, Toa Alta",All,652,2010 - 2024,Dengue,county
"PR, Toa Baja",All,812,2010 - 2024,Dengue,county
"PR, Trujillo Alto",All,846,2010 - 2024,Dengue,county
"PR, Utuado",All,415,2010 - 2024,Dengue,county
"PR, Vega Baja",All,501,2010 - 2024,Dengue,county
"VI, St. Croix",All,303,2010 - 2024,Dengue,county
